against_bug;against_dark;against_dragon;against_electric;against_fairy;against_fight;against_fire;against_flying;against_ghost;against_grass;against_ground;against_ice;against_normal;against_poison;against_psychic;against_rock;against_steel;against_water;attack;defense;hp;sp_attack;sp_defense;speed;type1
1;1;1;0.5;0.5;0.5;2;2;1;0.25;1;2;1;1;2;1;1;0.5;49;49;45;65;65;45;grass
1;1;1;0.5;0.5;0.5;2;2;1;0.25;1;2;1;1;2;1;1;0.5;62;63;60;80;80;60;grass
1;1;1;0.5;0.5;0.5;2;2;1;0.25;1;2;1;1;2;1;1;0.5;100;123;80;122;120;80;grass
0.5;1;1;1;0.5;1;0.5;1;1;0.5;2;0.5;1;1;1;2;0.5;2;52;43;39;60;50;65;fire
0.5;1;1;1;0.5;1;0.5;1;1;0.5;2;0.5;1;1;1;2;0.5;2;64;58;58;80;65;80;fire
0.25;1;1;2;0.5;0.5;0.5;1;1;0.25;0;1;1;1;1;4;0.5;2;104;78;78;159;115;100;fire
1;1;1;2;1;1;0.5;1;1;2;1;0.5;1;1;1;1;0.5;0.5;48;65;44;50;64;43;water
1;1;1;2;1;1;0.5;1;1;2;1;0.5;1;1;1;1;0.5;0.5;63;80;59;65;80;58;water
1;1;1;2;1;1;0.5;1;1;2;1;0.5;1;1;1;1;0.5;0.5;103;120;79;135;115;78;water
1;1;1;1;1;0.5;2;2;1;0.5;0.5;1;1;1;1;2;1;1;30;35;45;20;20;45;bug
1;1;1;1;1;0.5;2;2;1;0.5;0.5;1;1;1;1;2;1;1;20;55;50;25;25;30;bug
0.5;1;1;2;1;0.25;2;2;1;0.25;0;2;1;1;1;4;1;1;45;50;60;90;80;70;bug
0.5;1;1;1;0.5;0.25;2;2;1;0.25;1;1;1;0.5;2;2;1;1;35;30;40;20;20;50;bug
0.5;1;1;1;0.5;0.25;2;2;1;0.25;1;1;1;0.5;2;2;1;1;25;50;45;25;25;35;bug
0.5;1;1;1;0.5;0.25;2;2;1;0.25;1;1;1;0.5;2;2;1;1;150;40;65;15;80;145;bug
0.5;1;1;2;1;1;1;1;0;0.5;0;2;1;1;1;2;1;1;45;40;40;35;35;56;normal
0.5;1;1;2;1;1;1;1;0;0.5;0;2;1;1;1;2;1;1;60;55;63;50;50;71;normal
0.5;1;1;2;1;1;1;1;0;0.5;0;2;1;1;1;2;1;1;80;80;83;135;80;121;normal
1;1;1;1;1;2;1;1;0;1;1;1;1;1;1;1;1;1;56;35;30;25;35;72;normal
1;1;1;1;1;2;1;1;0;1;1;1;1;1;1;1;1;1;71;70;75;40;80;77;normal
0.5;1;1;2;1;1;1;1;0;0.5;0;2;1;1;1;2;1;1;60;30;40;31;31;70;normal
0.5;1;1;2;1;1;1;1;0;0.5;0;2;1;1;1;2;1;1;90;65;65;61;61;100;normal
0.5;1;1;1;0.5;0.5;1;1;1;0.5;2;1;1;0.5;2;1;1;1;60;44;35;40;54;55;poison
0.5;1;1;1;0.5;0.5;1;1;1;0.5;2;1;1;0.5;2;1;1;1;95;69;60;65;79;80;poison
1;1;1;0.5;1;1;1;0.5;1;1;2;1;1;1;1;1;0.5;1;55;40;35;50;50;90;electric
1;1;1;0.5;1;1;1;0.5;1;1;2;1;1;1;1;1;0.5;1;85;50;60;95;85;110;electric
1;1;1;0;1;1;1;1;1;2;1;2;1;0.5;1;0.5;1;2;75;90;50;10;35;40;ground
1;1;1;0;1;1;1;1;1;2;1;2;1;0.5;1;0.5;1;2;100;120;75;25;65;65;ground
0.5;1;1;1;0.5;0.5;1;1;1;0.5;2;1;1;0.5;2;1;1;1;47;52;55;40;40;41;poison
0.5;1;1;1;0.5;0.5;1;1;1;0.5;2;1;1;0.5;2;1;1;1;62;67;70;55;55;56;poison
0.5;1;1;0;0.5;0.5;1;1;1;1;2;2;1;0.25;2;0.5;1;2;92;87;90;75;85;76;poison
0.5;1;1;1;0.5;0.5;1;1;1;0.5;2;1;1;0.5;2;1;1;1;57;40;46;40;40;50;poison
0.5;1;1;1;0.5;0.5;1;1;1;0.5;2;1;1;0.5;2;1;1;1;72;57;61;55;55;65;poison
0.5;1;1;0;0.5;0.5;1;1;1;1;2;2;1;0.25;2;0.5;1;2;102;77;81;85;75;85;poison
0.5;0.5;0;1;1;0.5;1;1;1;1;1;1;1;2;1;1;2;1;45;48;70;60;65;35;fairy
0.5;0.5;0;1;1;0.5;1;1;1;1;1;1;1;2;1;1;2;1;70;73;95;95;90;60;fairy
0.5;1;1;1;0.5;1;0.5;1;1;0.5;2;0.5;1;1;1;2;0.5;2;41;40;38;50;65;65;fire
0.5;1;1;1;0.5;1;0.5;1;1;0.5;2;0.5;1;1;1;2;0.5;2;67;75;73;81;100;109;fire
0.5;0.5;0;1;1;1;1;1;0;1;1;1;1;2;1;1;2;1;45;20;115;45;25;20;normal
0.5;0.5;0;1;1;1;1;1;0;1;1;1;1;2;1;1;2;1;70;45;140;85;50;45;normal
0.25;1;1;2;0.5;0.25;1;1;1;0.25;0;2;1;0.5;2;2;1;1;45;35;40;30;40;55;poison
0.25;1;1;2;0.5;0.25;1;1;1;0.25;0;2;1;0.5;2;2;1;1;80;70;75;65;75;90;poison
1;1;1;0.5;0.5;0.5;2;2;1;0.25;1;2;1;1;2;1;1;0.5;50;55;45;75;65;30;grass
1;1;1;0.5;0.5;0.5;2;2;1;0.25;1;2;1;1;2;1;1;0.5;65;70;60;85;75;40;grass
1;1;1;0.5;0.5;0.5;2;2;1;0.25;1;2;1;1;2;1;1;0.5;80;85;75;110;90;50;grass
2;1;1;0.5;1;0.5;4;4;1;0.25;0.25;2;1;2;1;2;1;0.5;70;55;35;45;55;25;bug
2;1;1;0.5;1;0.5;4;4;1;0.25;0.25;2;1;2;1;2;1;0.5;95;80;60;60;80;30;bug
0.5;1;1;1;0.5;0.25;2;2;1;0.25;1;1;1;0.5;2;2;1;1;55;50;60;40;55;45;bug
0.5;1;1;1;0.5;0.25;2;2;1;0.25;1;1;1;0.5;2;2;1;1;65;60;70;90;75;90;bug
1;1;1;0;1;1;1;1;1;2;1;2;1;0.5;1;0.5;1;2;55;30;10;35;45;90;ground
1;1;1;0;1;1;1;1;1;2;1;2;1;0.5;1;0.5;1;2;100;60;35;50;70;110;ground
1;1;1;1;1;2;1;1;0;1;1;1;1;1;1;1;1;1;35;35;40;50;40;90;normal
1;1;1;1;1;2;1;1;0;1;1;1;1;1;1;1;1;1;60;60;65;75;65;115;normal
1;1;1;2;1;1;0.5;1;1;2;1;0.5;1;1;1;1;0.5;0.5;52;48;50;65;50;55;water
1;1;1;2;1;1;0.5;1;1;2;1;0.5;1;1;1;1;0.5;0.5;82;78;80;95;80;85;water
0.5;0.5;1;1;2;1;1;2;1;1;1;1;1;1;2;0.5;1;1;80;35;40;35;45;70;fighting
0.5;0.5;1;1;2;1;1;2;1;1;1;1;1;1;2;0.5;1;1;105;60;65;60;70;95;fighting
0.5;1;1;1;0.5;1;0.5;1;1;0.5;2;0.5;1;1;1;2;0.5;2;70;45;55;70;50;60;fire
0.5;1;1;1;0.5;1;0.5;1;1;0.5;2;0.5;1;1;1;2;0.5;2;110;80;90;100;80;95;fire
1;1;1;2;1;1;0.5;1;1;2;1;0.5;1;1;1;1;0.5;0.5;50;40;40;40;40;90;water
1;1;1;2;1;1;0.5;1;1;2;1;0.5;1;1;1;1;0.5;0.5;65;65;65;50;50;90;water
0.5;0.5;1;2;2;1;0.5;2;1;2;1;0.5;1;1;2;0.5;0.5;0.5;95;95;90;70;90;70;water
2;2;1;1;1;0.5;1;1;2;1;1;1;1;1;0.5;1;1;1;20;15;25;105;55;90;psychic
2;2;1;1;1;0.5;1;1;2;1;1;1;1;1;0.5;1;1;1;35;30;40;120;70;105;psychic
2;2;1;1;1;0.5;1;1;2;1;1;1;1;1;0.5;1;1;1;50;65;55;175;105;150;psychic
0.5;0.5;1;1;2;1;1;2;1;1;1;1;1;1;2;0.5;1;1;80;50;70;35;35;35;fighting
0.5;0.5;1;1;2;1;1;2;1;1;1;1;1;1;2;0.5;1;1;100;70;80;50;60;45;fighting
0.5;0.5;1;1;2;1;1;2;1;1;1;1;1;1;2;0.5;1;1;130;80;90;65;85;55;fighting
1;1;1;0.5;0.5;0.5;2;2;1;0.25;1;2;1;1;2;1;1;0.5;75;35;50;70;30;40;grass
1;1;1;0.5;0.5;0.5;2;2;1;0.25;1;2;1;1;2;1;1;0.5;90;50;65;85;45;55;grass
1;1;1;0.5;0.5;0.5;2;2;1;0.25;1;2;1;1;2;1;1;0.5;105;65;80;100;70;70;grass
0.5;1;1;2;0.5;0.5;0.5;1;1;1;2;0.5;1;0.5;2;1;0.5;0.5;40;35;40;50;100;70;water
0.5;1;1;2;0.5;0.5;0.5;1;1;1;2;0.5;1;0.5;2;1;0.5;0.5;70;65;80;80;120;100;water
1;1;1;0;1;2;0.5;0.5;1;4;2;2;0.5;0.25;1;0.5;2;4;80;100;40;30;30;20;rock
1;1;1;0;1;2;0.5;0.5;1;4;2;2;0.5;0.25;1;0.5;2;4;95;115;55;45;45;35;rock
1;1;1;0;1;2;0.5;0.5;1;4;2;2;0.5;0.25;1;0.5;2;4;120;130;80;55;65;45;rock
0.5;1;1;1;0.5;1;0.5;1;1;0.5;2;0.5;1;1;1;2;0.5;2;85;55;50;65;65;90;fire
0.5;1;1;1;0.5;1;0.5;1;1;0.5;2;0.5;1;1;1;2;0.5;2;100;70;65;80;80;105;fire
2;2;1;2;1;0.5;0.5;1;2;2;1;0.5;1;1;0.5;1;0.5;0.5;65;65;90;40;40;15;water
2;2;1;2;1;0.5;0.5;1;2;2;1;0.5;1;1;0.5;1;0.5;0.5;75;180;95;130;80;30;water
0.5;1;0.5;0.5;0.5;2;2;0.25;1;0.5;4;0.5;0.5;0;0.5;0.5;0.25;1;35;70;25;95;55;45;electric
0.5;1;0.5;0.5;0.5;2;2;0.25;1;0.5;4;0.5;0.5;0;0.5;0.5;0.25;1;60;95;50;120;70;70;electric
0.5;1;1;2;1;1;1;1;0;0.5;0;2;1;1;1;2;1;1;90;55;52;58;62;60;normal
0.5;1;1;2;1;1;1;1;0;0.5;0;2;1;1;1;2;1;1;85;45;35;35;35;75;normal
0.5;1;1;2;1;1;1;1;0;0.5;0;2;1;1;1;2;1;1;110;70;60;60;60;110;normal
1;1;1;2;1;1;0.5;1;1;2;1;0.5;1;1;1;1;0.5;0.5;45;55;65;45;70;45;water
1;1;1;2;1;2;1;1;1;2;1;0.25;1;1;1;2;1;0.5;70;80;90;70;95;70;water
0.5;1;1;1;0.5;0.5;1;1;1;0.5;2;1;1;0.5;2;1;1;1;80;50;80;40;50;25;poison
0.5;1;1;1;0.5;0.5;1;1;1;0.5;2;1;1;0.5;2;1;1;1;105;75;105;65;100;50;poison
1;1;1;2;1;1;0.5;1;1;2;1;0.5;1;1;1;1;0.5;0.5;65;100;30;45;25;40;water
1;1;1;2;1;2;1;1;1;2;1;0.25;1;1;1;2;1;0.5;95;180;50;85;45;70;water
0.25;2;1;1;0.5;0;1;1;2;0.5;2;1;0;0.25;2;1;1;1;35;30;30;100;35;80;ghost
0.25;2;1;1;0.5;0;1;1;2;0.5;2;1;0;0.25;2;1;1;1;50;45;45;115;55;95;ghost
0.25;2;1;1;0.5;0;1;1;2;0.5;2;1;0;0.25;2;1;1;1;65;80;60;170;95;130;ghost
1;1;1;0;1;2;0.5;0.5;1;4;2;2;0.5;0.25;1;0.5;2;4;45;160;35;30;45;70;rock
2;2;1;1;1;0.5;1;1;2;1;1;1;1;1;0.5;1;1;1;48;45;60;43;90;42;psychic
2;2;1;1;1;0.5;1;1;2;1;1;1;1;1;0.5;1;1;1;73;70;85;73;115;67;psychic
1;1;1;2;1;1;0.5;1;1;2;1;0.5;1;1;1;1;0.5;0.5;105;90;30;25;25;50;water
1;1;1;2;1;1;0.5;1;1;2;1;0.5;1;1;1;1;0.5;0.5;130;115;55;50;50;75;water
1;1;1;0.5;1;1;1;0.5;1;1;2;1;1;1;1;1;0.5;1;30;50;40;55;55;100;electric
1;1;1;0.5;1;1;1;0.5;1;1;2;1;1;1;1;1;0.5;1;50;70;60;80;80;150;electric
4;2;1;0.5;1;0.5;2;2;2;0.5;0.5;2;1;2;0.5;1;1;0.5;40;80;60;60;45;40;grass
4;2;1;0.5;1;0.5;2;2;2;0.5;0.5;2;1;2;0.5;1;1;0.5;105;85;95;125;75;45;grass
1;1;1;0;1;1;1;1;1;2;1;2;1;0.5;1;0.5;1;2;50;95;50;40;50;35;ground
1;1;1;0;1;1;1;1;1;2;1;2;1;0.5;1;0.5;1;2;80;110;60;50;80;45;ground
0.5;0.5;1;1;2;1;1;2;1;1;1;1;1;1;2;0.5;1;1;120;53;50;35;110;87;fighting
0.5;0.5;1;1;2;1;1;2;1;1;1;1;1;1;2;0.5;1;1;105;79;50;35;110;76;fighting
1;1;1;1;1;2;1;1;0;1;1;1;1;1;1;1;1;1;55;75;90;60;75;30;normal
0.5;1;1;1;0.5;0.5;1;1;1;0.5;2;1;1;0.5;2;1;1;1;65;95;40;60;45;35;poison
0.5;1;1;1;0.5;0.5;1;1;1;0.5;2;1;1;0.5;2;1;1;1;90;120;65;85;70;60;poison
1;1;1;0;1;2;0.5;0.5;1;4;2;2;0.5;0.25;1;0.5;2;4;85;95;80;30;30;25;ground
1;1;1;0;1;2;0.5;0.5;1;4;2;2;0.5;0.25;1;0.5;2;4;130;120;105;45;45;40;ground
1;1;1;1;1;2;1;1;0;1;1;1;1;1;1;1;1;1;5;5;250;35;105;50;normal
2;1;1;0.5;1;1;2;2;1;0.5;0.5;2;1;2;1;1;1;0.5;55;115;65;100;40;60;grass
1;1;1;1;1;2;1;1;0;1;1;1;1;1;1;1;1;1;125;100;105;60;100;100;normal
1;1;1;2;1;1;0.5;1;1;2;1;0.5;1;1;1;1;0.5;0.5;40;70;30;70;25;60;water
1;1;1;2;1;1;0.5;1;1;2;1;0.5;1;1;1;1;0.5;0.5;65;95;55;95;45;85;water
1;1;1;2;1;1;0.5;1;1;2;1;0.5;1;1;1;1;0.5;0.5;67;60;45;35;50;63;water
1;1;1;2;1;1;0.5;1;1;2;1;0.5;1;1;1;1;0.5;0.5;92;65;80;65;80;68;water
1;1;1;2;1;1;0.5;1;1;2;1;0.5;1;1;1;1;0.5;0.5;45;55;30;70;55;85;water
2;2;1;2;1;0.5;0.5;1;2;2;1;0.5;1;1;0.5;1;0.5;0.5;75;85;60;100;85;115;water
1;1;0;1;1;0.25;1;1;2;1;1;1;1;2;0.5;1;2;1;45;65;40;100;120;90;psychic
0.5;1;1;2;1;0.25;2;2;1;0.25;0;2;1;1;1;4;1;1;110;80;70;55;80;105;bug
2;2;1;1;1;1;2;1;2;1;1;0.5;1;1;0.5;2;2;1;50;35;65;115;95;95;ice
1;1;1;0.5;1;1;1;0.5;1;1;2;1;1;1;1;1;0.5;1;83;57;65;95;85;105;electric
0.5;1;1;1;0.5;1;0.5;1;1;0.5;2;0.5;1;1;1;2;0.5;2;95;57;65;100;85;93;fire
1;1;1;1;1;0.5;2;2;1;0.5;0.5;1;1;1;1;2;1;1;155;120;65;65;90;105;bug
1;1;1;1;1;2;1;1;0;1;1;1;1;1;1;1;1;1;100;95;75;40;70;110;normal
1;1;1;2;1;1;0.5;1;1;2;1;0.5;1;1;1;1;0.5;0.5;10;55;20;15;20;80;water
0.5;1;1;4;1;0.5;0.5;1;1;1;0;1;1;1;1;2;0.5;0.5;155;109;95;70;130;81;water
1;1;1;2;1;2;1;1;1;2;1;0.25;1;1;1;2;1;0.5;85;80;130;85;95;60;water
1;1;1;1;1;2;1;1;0;1;1;1;1;1;1;1;1;1;48;48;48;48;48;48;normal
1;1;1;1;1;2;1;1;0;1;1;1;1;1;1;1;1;1;55;50;55;45;65;55;normal
1;1;1;2;1;1;0.5;1;1;2;1;0.5;1;1;1;1;0.5;0.5;65;60;130;110;95;65;water
1;1;1;0.5;1;1;1;0.5;1;1;2;1;1;1;1;1;0.5;1;65;60;65;110;95;130;electric
0.5;1;1;1;0.5;1;0.5;1;1;0.5;2;0.5;1;1;1;2;0.5;2;130;60;65;95;110;65;fire
1;1;1;1;1;2;1;1;0;1;1;1;1;1;1;1;1;1;60;70;65;85;75;40;normal
1;1;1;2;1;2;0.25;0.5;1;4;2;0.5;0.5;0.5;1;1;1;1;40;100;35;90;55;35;rock
1;1;1;2;1;2;0.25;0.5;1;4;2;0.5;0.5;0.5;1;1;1;1;60;125;70;115;70;55;rock
1;1;1;2;1;2;0.25;0.5;1;4;2;0.5;0.5;0.5;1;1;1;1;80;90;30;55;45;55;rock
1;1;1;2;1;2;0.25;0.5;1;4;2;0.5;0.5;0.5;1;1;1;1;115;105;60;65;70;80;rock
0.5;1;1;2;1;1;0.5;0.5;1;1;0;2;0.5;0.5;1;2;2;2;135;85;80;70;95;150;rock
1;1;1;1;1;2;1;1;0;1;1;1;1;1;1;1;1;1;110;65;160;65;110;30;normal
0.5;1;1;2;1;1;2;1;1;0.5;0;1;1;1;1;4;2;1;85;100;90;95;125;85;ice
0.5;1;1;1;1;0.5;1;0.5;1;0.5;0;2;1;1;1;2;0.5;1;90;85;90;125;90;100;electric
0.25;1;1;2;0.5;0.5;0.5;1;1;0.25;0;1;1;1;1;4;0.5;2;100;90;90;125;85;90;fire
1;1;2;0.5;2;1;0.5;1;1;0.5;1;2;1;1;1;1;1;0.5;64;45;41;50;50;50;dragon
1;1;2;0.5;2;1;0.5;1;1;0.5;1;2;1;1;1;1;1;0.5;84;65;61;70;70;70;dragon
0.5;1;2;1;2;0.5;0.5;1;1;0.25;0;4;1;1;1;2;1;0.5;134;95;91;100;100;80;dragon
2;2;1;1;1;0.5;1;1;2;1;1;1;1;1;0.5;1;1;1;150;70;106;194;120;140;psychic
2;2;1;1;1;0.5;1;1;2;1;1;1;1;1;0.5;1;1;1;100;100;100;100;100;100;psychic
2;1;1;0.5;1;1;2;2;1;0.5;0.5;2;1;2;1;1;1;0.5;49;65;45;49;65;45;grass
2;1;1;0.5;1;1;2;2;1;0.5;0.5;2;1;2;1;1;1;0.5;62;80;60;63;80;60;grass
2;1;1;0.5;1;1;2;2;1;0.5;0.5;2;1;2;1;1;1;0.5;82;100;80;83;100;80;grass
0.5;1;1;1;0.5;1;0.5;1;1;0.5;2;0.5;1;1;1;2;0.5;2;52;43;39;60;50;65;fire
0.5;1;1;1;0.5;1;0.5;1;1;0.5;2;0.5;1;1;1;2;0.5;2;64;58;58;80;65;80;fire
0.5;1;1;1;0.5;1;0.5;1;1;0.5;2;0.5;1;1;1;2;0.5;2;84;78;78;109;85;100;fire
1;1;1;2;1;1;0.5;1;1;2;1;0.5;1;1;1;1;0.5;0.5;65;64;50;44;48;43;water
1;1;1;2;1;1;0.5;1;1;2;1;0.5;1;1;1;1;0.5;0.5;80;80;65;59;63;58;water
1;1;1;2;1;1;0.5;1;1;2;1;0.5;1;1;1;1;0.5;0.5;105;100;85;79;83;78;water
1;1;1;1;1;2;1;1;0;1;1;1;1;1;1;1;1;1;46;34;35;35;45;20;normal
1;1;1;1;1;2;1;1;0;1;1;1;1;1;1;1;1;1;76;64;85;45;55;90;normal
0.5;1;1;2;1;1;1;1;0;0.5;0;2;1;1;1;2;1;1;30;30;60;36;56;50;normal
0.5;1;1;2;1;1;1;1;0;0.5;0;2;1;1;1;2;1;1;50;50;100;86;96;70;normal
0.5;1;1;2;1;0.25;2;2;1;0.25;0;2;1;1;1;4;1;1;20;30;40;40;80;55;bug
0.5;1;1;2;1;0.25;2;2;1;0.25;0;2;1;1;1;4;1;1;35;50;55;55;110;85;bug
0.5;1;1;1;0.5;0.25;2;2;1;0.25;1;1;1;0.5;2;2;1;1;60;40;40;40;40;30;bug
0.5;1;1;1;0.5;0.25;2;2;1;0.25;1;1;1;0.5;2;2;1;1;90;70;70;60;70;40;bug
0.25;1;1;2;0.5;0.25;1;1;1;0.25;0;2;1;0.5;2;2;1;1;90;80;85;70;80;130;poison
1;1;1;1;1;1;0.5;0.5;1;2;2;0.5;1;1;1;1;0.25;0.5;38;38;75;56;56;67;water
1;1;1;1;1;1;0.5;0.5;1;2;2;0.5;1;1;1;1;0.25;0.5;58;58;125;76;76;67;water
1;1;1;0.5;1;1;1;0.5;1;1;2;1;1;1;1;1;0.5;1;40;15;20;35;35;60;electric
0.5;0.5;0;1;1;0.5;1;1;1;1;1;1;1;2;1;1;2;1;25;28;50;45;55;15;fairy
0.5;0.5;0;1;1;1;1;1;0;1;1;1;1;2;1;1;2;1;30;15;90;40;20;15;normal
0.5;0.5;0;1;1;0.5;1;1;1;1;1;1;1;2;1;1;2;1;20;65;35;40;65;20;fairy
0.25;0.5;0;2;1;0.25;1;1;1;0.5;0;2;1;2;1;2;2;1;40;85;55;80;105;40;fairy
1;2;1;2;1;0.25;1;1;2;0.5;0;2;1;1;0.5;2;1;1;50;45;40;70;45;70;psychic
1;2;1;2;1;0.25;1;1;2;0.5;0;2;1;1;0.5;2;1;1;75;70;65;95;70;95;psychic
1;1;1;0.5;1;1;1;0.5;1;1;2;1;1;1;1;1;0.5;1;40;40;55;65;45;35;electric
1;1;1;0.5;1;1;1;0.5;1;1;2;1;1;1;1;1;0.5;1;55;55;70;80;60;45;electric
1;1;1;0.5;1;1;1;0.5;1;1;2;1;1;1;1;1;0.5;1;95;105;90;165;110;45;electric
2;1;1;0.5;1;1;2;2;1;0.5;0.5;2;1;2;1;1;1;0.5;80;95;75;90;100;50;grass
0.5;0.5;0;2;1;0.5;0.5;1;1;2;1;0.5;1;2;1;1;1;0.5;20;50;70;20;50;40;water
0.5;0.5;0;2;1;0.5;0.5;1;1;2;1;0.5;1;2;1;1;1;0.5;50;80;100;60;80;50;water
1;1;1;1;1;2;0.5;0.5;1;2;2;1;0.5;0.5;1;1;2;2;100;115;70;30;65;30;rock
1;1;1;2;1;1;0.5;1;1;2;1;0.5;1;1;1;1;0.5;0.5;75;75;90;90;100;70;water
1;1;1;1;1;0.5;2;2;1;0.25;0;4;1;2;1;2;1;0.5;35;40;35;35;55;50;grass
1;1;1;1;1;0.5;2;2;1;0.25;0;4;1;2;1;2;1;0.5;45;50;55;45;65;80;grass
1;1;1;1;1;0.5;2;2;1;0.25;0;4;1;2;1;2;1;0.5;55;70;75;55;95;110;grass
1;1;1;1;1;2;1;1;0;1;1;1;1;1;1;1;1;1;70;55;55;40;55;85;normal
2;1;1;0.5;1;1;2;2;1;0.5;0.5;2;1;2;1;1;1;0.5;30;30;30;30;30;30;grass
2;1;1;0.5;1;1;2;2;1;0.5;0.5;2;1;2;1;1;1;0.5;75;55;75;105;85;30;grass
0.5;1;1;2;1;0.25;2;2;1;0.25;0;2;1;1;1;4;1;1;65;45;65;75;45;95;bug
1;1;1;0;1;1;0.5;1;1;4;1;1;1;0.5;1;0.5;0.5;1;45;45;55;25;25;15;water
1;1;1;0;1;1;0.5;1;1;4;1;1;1;0.5;1;0.5;0.5;1;85;85;95;65;65;35;water
2;2;1;1;1;0.5;1;1;2;1;1;1;1;1;0.5;1;1;1;65;60;65;130;95;110;psychic
2;0.5;1;1;2;2;1;1;0.5;1;1;1;1;1;0;1;1;1;65;110;95;60;130;65;dark
1;0.5;1;2;2;1;1;1;0.5;0.5;0;2;1;1;0;2;1;1;85;42;60;85;42;91;dark
2;2;1;2;1;0.5;0.5;1;2;2;1;0.5;1;1;0.5;1;0.5;0.5;75;80;95;100;110;30;water
0.5;2;1;1;1;0;1;1;2;1;1;1;0;0.5;1;1;1;1;60;60;60;85;85;85;ghost
2;2;1;1;1;0.5;1;1;2;1;1;1;1;1;0.5;1;1;1;72;48;48;72;48;48;psychic
2;2;1;1;1;0.5;1;1;2;1;1;1;1;1;0.5;1;1;1;33;58;190;33;58;33;psychic
2;2;1;1;1;1;1;1;0;1;1;1;1;1;0.5;1;1;1;80;65;70;90;65;85;normal
1;1;1;1;1;0.5;2;2;1;0.5;0.5;1;1;1;1;2;1;1;65;90;50;35;35;15;bug
0.5;1;0.5;1;0.5;1;4;1;1;0.25;1;0.5;0.5;0;0.5;1;0.5;1;90;140;75;60;60;40;bug
1;1;1;1;1;2;1;1;0;1;1;1;1;1;1;1;1;1;70;70;100;65;65;45;normal
0.5;1;1;0;1;0.5;1;1;1;1;0;4;1;0.5;1;1;1;2;75;105;65;35;65;85;ground
0.5;1;0.5;0;0.5;2;2;0.5;1;1;2;1;0.5;0;0.5;0.25;0.5;2;125;230;75;55;95;30;steel
0.5;0.5;0;1;1;0.5;1;1;1;1;1;1;1;2;1;1;2;1;80;50;60;40;40;30;fairy
0.5;0.5;0;1;1;0.5;1;1;1;1;1;1;1;2;1;1;2;1;120;75;90;60;60;45;fairy
0.5;1;1;2;0.5;0.5;0.5;1;1;1;2;0.5;1;0.5;2;1;0.5;0.5;95;85;65;55;55;85;water
0.5;1;0.5;1;0.5;1;4;1;1;0.25;1;0.5;0.5;0;0.5;1;0.5;1;150;140;70;65;100;75;bug
1;1;1;1;1;1;1;1;1;1;1;1;0.5;0.5;1;2;2;2;10;230;20;10;230;5;bug
0.5;0.5;1;1;2;0.5;2;4;1;0.5;0.5;1;1;1;2;1;1;1;185;115;80;40;105;75;bug
2;0.5;1;1;2;4;2;1;0.5;1;1;0.5;1;1;0;2;2;1;95;55;55;35;75;115;dark
1;1;1;1;1;2;1;1;0;1;1;1;1;1;1;1;1;1;80;50;60;50;50;40;normal
1;1;1;1;1;2;1;1;0;1;1;1;1;1;1;1;1;1;130;75;90;75;75;55;normal
0.5;1;1;1;0.5;1;0.5;1;1;0.5;2;0.5;1;1;1;2;0.5;2;40;40;40;70;40;20;fire
0.5;1;1;1;0.5;2;0.25;0.5;1;1;4;0.5;0.5;0.5;1;2;1;4;50;120;60;90;80;30;fire
1;1;1;0;1;2;2;1;1;2;1;1;1;0.5;1;1;2;2;50;40;50;30;30;50;ice
1;1;1;0;1;2;2;1;1;2;1;1;1;0.5;1;1;2;2;100;80;100;60;60;50;ice
1;1;1;2;1;2;0.25;0.5;1;4;2;0.5;0.5;0.5;1;1;1;1;55;95;65;65;95;35;water
1;1;1;2;1;1;0.5;1;1;2;1;0.5;1;1;1;1;0.5;0.5;65;35;35;65;35;65;water
1;1;1;2;1;1;0.5;1;1;2;1;0.5;1;1;1;1;0.5;0.5;105;75;75;105;75;45;water
0.5;1;1;2;1;1;2;1;1;0.5;0;1;1;1;1;4;2;1;55;45;45;65;45;75;ice
0.5;1;1;4;1;0.5;0.5;1;1;1;0;1;1;1;1;2;0.5;0.5;40;70;85;80;140;70;water
0.25;1;0.5;2;0.5;1;2;0.5;1;0.25;0;1;0.5;0;0.5;1;0.5;1;80;140;65;40;70;70;steel
1;0.5;1;1;1;2;0.5;1;0.5;0.5;2;0.5;1;1;0;2;0.5;2;60;30;45;80;50;65;dark
1;0.5;1;1;1;2;0.5;1;0.5;0.5;2;0.5;1;1;0;2;0.5;2;90;90;75;140;90;115;dark
1;1;2;1;2;1;0.25;1;1;1;1;1;1;1;1;1;0.5;0.25;95;95;75;95;95;85;water
1;1;1;0;1;1;1;1;1;2;1;2;1;0.5;1;0.5;1;2;60;60;90;40;40;40;ground
1;1;1;0;1;1;1;1;1;2;1;2;1;0.5;1;0.5;1;2;120;120;90;60;60;50;ground
1;1;1;1;1;2;1;1;0;1;1;1;1;1;1;1;1;1;80;90;85;105;95;60;normal
1;1;1;1;1;2;1;1;0;1;1;1;1;1;1;1;1;1;95;62;73;85;65;85;normal
1;1;1;1;1;2;1;1;0;1;1;1;1;1;1;1;1;1;20;35;55;20;45;75;normal
0.5;0.5;1;1;2;1;1;2;1;1;1;1;1;1;2;0.5;1;1;35;35;35;35;35;35;fighting
0.5;0.5;1;1;2;1;1;2;1;1;1;1;1;1;2;0.5;1;1;95;95;50;35;110;70;fighting
2;2;1;1;1;1;2;1;2;1;1;0.5;1;1;0.5;2;2;1;30;15;45;85;65;65;ice
1;1;1;0.5;1;1;1;0.5;1;1;2;1;1;1;1;1;0.5;1;63;37;45;65;55;95;electric
0.5;1;1;1;0.5;1;0.5;1;1;0.5;2;0.5;1;1;1;2;0.5;2;75;37;45;70;55;83;fire
1;1;1;1;1;2;1;1;0;1;1;1;1;1;1;1;1;1;80;105;95;40;70;100;normal
1;1;1;1;1;2;1;1;0;1;1;1;1;1;1;1;1;1;10;10;255;75;135;55;normal
1;1;1;0.5;1;1;1;0.5;1;1;2;1;1;1;1;1;0.5;1;85;75;90;115;100;115;electric
0.5;1;1;1;0.5;1;0.5;1;1;0.5;2;0.5;1;1;1;2;0.5;2;115;85;115;90;75;100;fire
1;1;1;2;1;1;0.5;1;1;2;1;0.5;1;1;1;1;0.5;0.5;75;115;100;90;115;85;water
1;1;1;0;1;2;0.5;0.5;1;4;2;2;0.5;0.25;1;0.5;2;4;64;50;50;45;50;41;rock
1;1;1;0;1;2;0.5;0.5;1;4;2;2;0.5;0.25;1;0.5;2;4;84;70;70;65;70;51;rock
2;0.5;1;1;2;4;0.5;0.5;0.5;2;2;1;0.5;0.5;0;1;2;2;164;150;100;95;120;71;rock
1;2;1;2;1;0.25;1;1;2;0.5;0;2;1;1;0.5;2;1;1;90;130;106;90;154;110;psychic
0.25;1;1;2;0.5;0.5;0.5;1;1;0.25;0;1;1;1;1;4;0.5;2;130;90;106;110;154;90;fire
4;2;1;0.5;1;0.5;2;2;2;0.5;0.5;2;1;2;0.5;1;1;0.5;100;100;100;100;100;100;psychic
2;1;1;0.5;1;1;2;2;1;0.5;0.5;2;1;2;1;1;1;0.5;45;35;40;65;55;70;grass
2;1;1;0.5;1;1;2;2;1;0.5;0.5;2;1;2;1;1;1;0.5;65;45;50;85;65;95;grass
2;1;1;0.5;1;1;2;2;1;0.5;0.5;2;1;2;1;1;1;0.5;110;75;70;145;85;145;grass
0.5;1;1;1;0.5;1;0.5;1;1;0.5;2;0.5;1;1;1;2;0.5;2;60;40;45;70;50;45;fire
0.25;0.5;1;1;1;1;0.5;2;1;0.5;2;0.5;1;1;2;1;0.5;2;85;60;60;85;60;55;fire
0.25;0.5;1;1;1;1;0.5;2;1;0.5;2;0.5;1;1;2;1;0.5;2;160;80;80;130;80;100;fire
1;1;1;2;1;1;0.5;1;1;2;1;0.5;1;1;1;1;0.5;0.5;70;50;50;50;50;40;water
1;1;1;0;1;1;0.5;1;1;4;1;1;1;0.5;1;0.5;0.5;1;85;70;70;60;70;50;water
1;1;1;0;1;1;0.5;1;1;4;1;1;1;0.5;1;0.5;0.5;1;150;110;100;95;110;70;water
2;0.5;1;1;2;2;1;1;0.5;1;1;1;1;1;0;1;1;1;55;35;35;30;30;35;dark
2;0.5;1;1;2;2;1;1;0.5;1;1;1;1;1;0;1;1;1;90;70;70;60;60;70;dark
1;1;1;1;1;2;1;1;0;1;1;1;1;1;1;1;1;1;30;41;38;30;41;60;normal
1;1;1;1;1;2;1;1;0;1;1;1;1;1;1;1;1;1;70;61;78;50;61;100;normal
1;1;1;1;1;0.5;2;2;1;0.5;0.5;1;1;1;1;2;1;1;45;35;45;20;30;20;bug
1;1;1;1;1;0.5;2;2;1;0.5;0.5;1;1;1;1;2;1;1;35;55;50;25;25;15;bug
0.5;1;1;2;1;0.25;2;2;1;0.25;0;2;1;1;1;4;1;1;70;50;60;100;50;65;bug
1;1;1;1;1;0.5;2;2;1;0.5;0.5;1;1;1;1;2;1;1;35;55;50;25;25;15;bug
0.5;1;1;1;0.5;0.25;2;2;1;0.25;1;1;1;0.5;2;2;1;1;50;70;60;50;90;65;bug
2;1;1;1;1;1;1;2;1;1;0.5;1;1;2;1;1;0.5;0.25;30;30;40;40;50;30;water
2;1;1;1;1;1;1;2;1;1;0.5;1;1;2;1;1;0.5;0.25;50;50;60;60;70;50;water
2;1;1;1;1;1;1;2;1;1;0.5;1;1;2;1;1;0.5;0.25;70;70;80;90;100;70;water
2;1;1;0.5;1;1;2;2;1;0.5;0.5;2;1;2;1;1;1;0.5;40;50;40;30;30;30;grass
4;0.5;1;0.5;2;2;2;2;0.5;0.5;0.5;2;1;2;0;1;1;0.5;70;40;70;60;40;60;grass
4;0.5;1;0.5;2;2;2;2;0.5;0.5;0.5;2;1;2;0;1;1;0.5;100;60;90;90;60;80;grass
0.5;1;1;2;1;1;1;1;0;0.5;0;2;1;1;1;2;1;1;55;30;40;30;30;85;normal
0.5;1;1;2;1;1;1;1;0;0.5;0;2;1;1;1;2;1;1;85;60;60;75;50;125;normal
0.5;1;1;4;1;0.5;0.5;1;1;1;0;1;1;1;1;2;0.5;0.5;30;30;40;55;30;85;water
0.5;1;1;4;1;0.5;0.5;1;1;1;0;1;1;1;1;2;0.5;0.5;50;100;60;95;70;65;water
1;1;0;1;1;0.25;1;1;2;1;1;1;1;2;0.5;1;2;1;25;25;28;45;35;40;psychic
1;1;0;1;1;0.25;1;1;2;1;1;1;1;2;0.5;1;2;1;35;35;38;65;55;50;psychic
1;1;0;1;1;0.25;1;1;2;1;1;1;1;2;0.5;1;2;1;85;65;68;165;135;100;psychic
1;1;1;2;1;0.5;1;2;1;1;0.5;0.5;1;1;1;2;0.5;0.5;30;32;40;50;52;65;bug
0.5;1;1;2;1;0.25;2;2;1;0.25;0;2;1;1;1;4;1;1;60;62;70;100;82;80;bug
2;1;1;0.5;1;1;2;2;1;0.5;0.5;2;1;2;1;1;1;0.5;40;60;60;40;60;35;grass
1;0.5;1;0.5;2;1;2;4;1;0.5;0.5;2;1;2;2;0.5;1;0.5;130;80;60;60;60;70;grass
1;1;1;1;1;2;1;1;0;1;1;1;1;1;1;1;1;1;60;60;60;35;35;30;normal
1;1;1;1;1;2;1;1;0;1;1;1;1;1;1;1;1;1;80;80;80;55;55;90;normal
1;1;1;1;1;2;1;1;0;1;1;1;1;1;1;1;1;1;160;100;150;95;65;100;normal
1;1;1;0;1;0.5;2;2;1;1;0.5;2;1;0.5;1;1;1;2;45;90;31;30;30;40;bug
0.5;1;1;2;1;0.25;2;2;1;0.25;0;2;1;1;1;4;1;1;90;45;61;50;50;160;bug
0.5;2;1;1;1;0;2;2;2;0.5;0.5;1;0;0.5;1;2;1;1;90;45;1;30;30;40;bug
1;1;1;1;1;2;1;1;0;1;1;1;1;1;1;1;1;1;51;23;64;51;23;28;normal
1;1;1;1;1;2;1;1;0;1;1;1;1;1;1;1;1;1;71;43;84;71;43;48;normal
1;1;1;1;1;2;1;1;0;1;1;1;1;1;1;1;1;1;91;63;104;91;73;68;normal
0.5;0.5;1;1;2;1;1;2;1;1;1;1;1;1;2;0.5;1;1;60;30;72;20;30;25;fighting
0.5;0.5;1;1;2;1;1;2;1;1;1;1;1;1;2;0.5;1;1;120;60;144;40;60;50;fighting
0.5;0.5;0;1;1;1;1;1;0;1;1;1;1;2;1;1;2;1;20;40;50;20;40;20;normal
1;1;1;1;1;2;0.5;0.5;1;2;2;1;0.5;0.5;1;1;2;2;45;135;30;45;90;30;rock
1;1;1;1;1;2;1;1;0;1;1;1;1;1;1;1;1;1;45;45;50;35;35;50;normal
1;1;1;1;1;2;1;1;0;1;1;1;1;1;1;1;1;1;65;65;70;55;55;90;normal
1;1;1;1;2;0;1;1;1;1;1;1;0;0.5;0;1;1;1;85;125;50;85;115;20;dark
0.25;0.5;0;1;0.5;1;2;0.5;1;0.5;2;0.5;0.5;0;0.5;0.5;1;1;105;125;50;55;95;50;steel
0.5;1;0.5;1;0.5;4;1;0.25;1;1;4;0.5;0.25;0;0.5;0.5;1;2;70;100;50;40;40;30;steel
0.5;1;0.5;1;0.5;4;1;0.25;1;1;4;0.5;0.25;0;0.5;0.5;1;2;90;140;60;50;50;40;steel
0.5;1;0.5;1;0.5;4;1;0.25;1;1;4;0.5;0.25;0;0.5;0.5;1;2;140;230;70;60;80;50;steel
1;1;1;1;2;0.5;1;2;2;1;1;1;1;1;1;0.5;1;1;40;55;30;40;55;60;fighting
1;1;1;1;2;0.5;1;2;2;1;1;1;1;1;1;0.5;1;1;100;85;60;80;85;100;fighting
1;1;1;0.5;1;1;1;0.5;1;1;2;1;1;1;1;1;0.5;1;45;40;40;65;40;65;electric
1;1;1;0.5;1;1;1;0.5;1;1;2;1;1;1;1;1;0.5;1;75;80;70;135;80;135;electric
1;1;1;0.5;1;1;1;0.5;1;1;2;1;1;1;1;1;0.5;1;50;40;60;85;75;95;electric
1;1;1;0.5;1;1;1;0.5;1;1;2;1;1;1;1;1;0.5;1;40;50;60;75;85;95;electric
1;1;1;1;1;0.5;2;2;1;0.5;0.5;1;1;1;1;2;1;1;73;75;65;47;85;85;bug
1;1;1;1;1;0.5;2;2;1;0.5;0.5;1;1;1;1;2;1;1;47;75;65;73;85;85;bug
1;1;1;0.5;0.5;0.5;2;2;1;0.25;1;2;1;1;2;1;1;0.5;60;45;50;100;80;65;grass
0.5;1;1;1;0.5;0.5;1;1;1;0.5;2;1;1;0.5;2;1;1;1;43;53;70;43;53;40;poison
0.5;1;1;1;0.5;0.5;1;1;1;0.5;2;1;1;0.5;2;1;1;1;73;83;100;73;83;55;poison
2;0.5;1;2;2;2;0.5;1;0.5;2;1;0.5;1;1;0;1;0.5;0.5;90;20;45;65;20;65;water
2;0.5;1;2;2;2;0.5;1;0.5;2;1;0.5;1;1;0;1;0.5;0.5;140;70;70;110;65;105;water
1;1;1;2;1;1;0.5;1;1;2;1;0.5;1;1;1;1;0.5;0.5;70;35;130;70;35;60;water
1;1;1;2;1;1;0.5;1;1;2;1;0.5;1;1;1;1;0.5;0.5;90;45;170;90;45;60;water
0.5;1;1;0;0.5;1;0.5;1;1;1;2;1;1;0.5;1;1;0.5;4;60;40;60;65;45;35;fire
0.5;1;1;0;0.5;1;0.5;1;1;1;2;1;1;0.5;1;1;0.5;4;120;100;70;145;105;20;fire
0.5;1;1;1;0.5;1;0.5;1;1;0.5;2;0.5;1;1;1;2;0.5;2;85;140;70;85;70;20;fire
2;2;1;1;1;0.5;1;1;2;1;1;1;1;1;0.5;1;1;1;25;35;60;70;80;60;psychic
2;2;1;1;1;0.5;1;1;2;1;1;1;1;1;0.5;1;1;1;45;65;80;90;110;80;psychic
1;1;1;1;1;2;1;1;0;1;1;1;1;1;1;1;1;1;60;60;60;60;60;60;normal
1;1;1;0;1;1;1;1;1;2;1;2;1;0.5;1;0.5;1;2;100;45;45;45;45;10;ground
1;1;2;0;2;1;0.5;1;1;1;1;4;1;0.5;1;0.5;1;1;70;50;50;50;50;70;ground
1;1;2;0;2;1;0.5;1;1;1;1;4;1;0.5;1;0.5;1;1;100;80;80;80;80;100;ground
2;1;1;0.5;1;1;2;2;1;0.5;0.5;2;1;2;1;1;1;0.5;85;40;50;85;40;35;grass
4;0.5;1;0.5;2;2;2;2;0.5;0.5;0.5;2;1;2;0;1;1;0.5;115;60;70;115;60;55;grass
0.5;1;1;2;1;1;1;1;0;0.5;0;2;1;1;1;2;1;1;40;60;45;40;75;50;normal
0.5;1;2;1;2;0.5;0.5;1;1;0.25;0;4;1;1;1;2;1;0.5;110;110;75;110;105;80;dragon
1;1;1;1;1;2;1;1;0;1;1;1;1;1;1;1;1;1;115;60;73;60;60;90;normal
0.5;1;1;1;0.5;0.5;1;1;1;0.5;2;1;1;0.5;2;1;1;1;100;60;73;100;60;65;poison
2;2;1;1;1;1;0.5;0.5;2;2;2;1;0.5;0.5;0.5;1;2;2;55;65;90;95;85;70;rock
2;2;1;1;1;1;0.5;0.5;2;2;2;1;0.5;0.5;0.5;1;2;2;95;85;90;55;65;70;rock
1;1;1;0;1;1;0.5;1;1;4;1;1;1;0.5;1;0.5;0.5;1;48;43;50;46;41;60;water
1;1;1;0;1;1;0.5;1;1;4;1;1;1;0.5;1;0.5;0.5;1;78;73;110;76;71;60;water
1;1;1;2;1;1;0.5;1;1;2;1;0.5;1;1;1;1;0.5;0.5;80;65;43;50;35;35;water
2;0.5;1;2;2;2;0.5;1;0.5;2;1;0.5;1;1;0;1;0.5;0.5;120;85;63;90;55;55;water
2;2;1;0;1;0.5;1;1;2;2;1;2;1;0.5;0.5;0.5;1;2;40;55;40;40;70;55;ground
2;2;1;0;1;0.5;1;1;2;2;1;2;1;0.5;0.5;0.5;1;2;70;105;60;70;120;75;ground
2;1;1;0.5;1;2;1;1;1;1;1;2;0.5;1;1;1;2;1;41;77;66;61;87;23;rock
2;1;1;0.5;1;2;1;1;1;1;1;2;0.5;1;1;1;2;1;81;97;86;81;107;43;rock
1;1;1;1;1;1;1;1;1;1;1;1;0.5;0.5;1;2;2;2;95;50;45;40;50;75;rock
1;1;1;1;1;1;1;1;1;1;1;1;0.5;0.5;1;2;2;2;125;100;75;70;80;45;rock
1;1;1;2;1;1;0.5;1;1;2;1;0.5;1;1;1;1;0.5;0.5;15;20;20;10;55;80;water
1;1;1;2;1;1;0.5;1;1;2;1;0.5;1;1;1;1;0.5;0.5;60;79;95;100;125;81;water
1;1;1;1;1;2;1;1;0;1;1;1;1;1;1;1;1;1;70;70;70;70;70;70;normal
1;1;1;1;1;2;1;1;0;1;1;1;1;1;1;1;1;1;90;70;60;60;120;40;normal
0.5;2;1;1;1;0;1;1;2;1;1;1;0;0.5;1;1;1;1;75;35;44;63;33;45;ghost
0.5;2;1;1;1;0;1;1;2;1;1;1;0;0.5;1;1;1;1;165;75;64;93;83;75;ghost
0.5;2;1;1;1;0;1;1;2;1;1;1;0;0.5;1;1;1;1;40;90;20;30;90;25;ghost
0.5;2;1;1;1;0;1;1;2;1;1;1;0;0.5;1;1;1;1;70;130;40;60;130;25;ghost
1;1;1;1;1;0.5;2;2;1;0.25;0;4;1;2;1;2;1;0.5;68;83;99;72;87;51;grass
2;2;1;1;1;0.5;1;1;2;1;1;1;1;1;0.5;1;1;1;50;80;75;95;90;65;psychic
2;0.5;1;1;2;2;1;1;0.5;1;1;1;1;1;0;1;1;1;150;60;65;115;60;115;dark
2;2;1;1;1;0.5;1;1;2;1;1;1;1;1;0.5;1;1;1;23;48;95;23;48;23;psychic
1;1;1;1;1;2;2;1;1;1;1;0.5;1;1;1;2;2;1;50;50;50;50;50;50;ice
1;1;1;1;1;2;2;1;1;1;1;0.5;1;1;1;2;2;1;120;80;80;120;80;100;ice
1;1;1;2;1;2;1;1;1;2;1;0.25;1;1;1;2;1;0.5;40;50;70;55;50;25;ice
1;1;1;2;1;2;1;1;1;2;1;0.25;1;1;1;2;1;0.5;60;70;90;75;70;45;ice
1;1;1;2;1;2;1;1;1;2;1;0.25;1;1;1;2;1;0.5;80;90;110;95;90;65;ice
1;1;1;2;1;1;0.5;1;1;2;1;0.5;1;1;1;1;0.5;0.5;64;85;35;74;55;32;water
1;1;1;2;1;1;0.5;1;1;2;1;0.5;1;1;1;1;0.5;0.5;104;105;55;94;75;52;water
1;1;1;2;1;1;0.5;1;1;2;1;0.5;1;1;1;1;0.5;0.5;84;105;55;114;75;52;water
1;1;1;2;1;2;0.25;0.5;1;4;2;0.5;0.5;0.5;1;1;1;1;90;130;100;45;65;55;water
1;1;1;2;1;1;0.5;1;1;2;1;0.5;1;1;1;1;0.5;0.5;30;55;43;40;65;97;water
1;1;2;0.5;2;1;0.5;1;1;0.5;1;2;1;1;1;1;1;0.5;75;60;45;40;30;50;dragon
1;1;2;0.5;2;1;0.5;1;1;0.5;1;2;1;1;1;1;1;0.5;95;100;65;60;50;50;dragon
0.5;1;2;1;2;0.5;0.5;1;1;0.25;0;4;1;1;1;2;1;0.5;145;130;95;120;90;120;dragon
1;2;0.5;1;0.5;1;2;0.5;2;0.5;2;0.5;0.5;0;0.25;0.5;0.5;1;55;80;40;35;60;30;steel
1;2;0.5;1;0.5;1;2;0.5;2;0.5;2;0.5;0.5;0;0.25;0.5;0.5;1;75;100;60;55;80;50;steel
1;2;0.5;1;0.5;1;2;0.5;2;0.5;2;0.5;0.5;0;0.25;0.5;0.5;1;145;150;80;105;110;110;steel
1;1;1;1;1;2;0.5;0.5;1;2;2;1;0.5;0.5;1;1;2;2;100;200;80;50;100;50;rock
1;1;1;1;1;2;2;1;1;1;1;0.5;1;1;1;2;2;1;50;100;80;100;200;50;ice
0.5;1;0.5;1;0.5;2;2;0.5;1;0.5;2;0.5;0.5;0;0.5;0.5;0.5;1;75;150;80;75;150;50;steel
2;2;2;0.5;2;0.5;0.5;1;2;0.5;1;2;1;1;0.5;1;1;0.5;100;120;80;140;150;110;dragon
2;2;2;0.5;2;0.5;0.5;1;2;0.5;1;2;1;1;0.5;1;1;0.5;130;100;80;160;120;110;dragon
1;1;1;2;1;1;0.5;1;1;2;1;0.5;1;1;1;1;0.5;0.5;150;90;100;180;160;90;water
1;1;1;0;1;1;1;1;1;2;1;2;1;0.5;1;0.5;1;2;180;160;100;150;90;90;ground
0.5;1;2;1;2;0.5;0.5;1;1;0.25;0;4;1;1;1;2;1;0.5;180;100;105;180;100;115;dragon
1;2;0.5;1;0.5;1;2;0.5;2;0.5;2;0.5;0.5;0;0.25;0.5;0.5;1;100;100;100;100;100;100;steel
2;2;1;1;1;0.5;1;1;2;1;1;1;1;1;0.5;1;1;1;95;90;50;95;90;180;psychic
2;1;1;0.5;1;1;2;2;1;0.5;0.5;2;1;2;1;1;1;0.5;68;64;55;45;55;31;grass
2;1;1;0.5;1;1;2;2;1;0.5;0.5;2;1;2;1;1;1;0.5;89;85;75;55;65;36;grass
2;1;1;0;1;1;2;2;1;1;0.5;4;1;1;1;0.5;1;1;109;105;95;75;85;56;grass
0.5;1;1;1;0.5;1;0.5;1;1;0.5;2;0.5;1;1;1;2;0.5;2;58;44;44;58;44;61;fire
0.25;0.5;1;1;1;1;0.5;2;1;0.5;2;0.5;1;1;2;1;0.5;2;78;52;64;78;52;81;fire
0.25;0.5;1;1;1;1;0.5;2;1;0.5;2;0.5;1;1;2;1;0.5;2;104;71;76;104;71;108;fire
1;1;1;2;1;1;0.5;1;1;2;1;0.5;1;1;1;1;0.5;0.5;51;53;53;61;56;40;water
1;1;1;2;1;1;0.5;1;1;2;1;0.5;1;1;1;1;0.5;0.5;66;68;64;81;76;50;water
0.5;1;0.5;2;0.5;2;1;0.5;1;1;2;0.25;0.5;0;0.5;0.5;0.25;0.5;86;88;84;111;101;60;water
0.5;1;1;2;1;1;1;1;0;0.5;0;2;1;1;1;2;1;1;55;30;40;30;30;60;normal
0.5;1;1;2;1;1;1;1;0;0.5;0;2;1;1;1;2;1;1;75;50;55;40;40;80;normal
0.5;1;1;2;1;1;1;1;0;0.5;0;2;1;1;1;2;1;1;120;70;85;50;60;100;normal
1;1;1;1;1;2;1;1;0;1;1;1;1;1;1;1;1;1;45;40;59;35;40;31;normal
1;1;1;2;1;2;0.5;1;0;2;1;0.5;1;1;1;1;0.5;0.5;85;60;79;55;60;71;normal
1;1;1;1;1;0.5;2;2;1;0.5;0.5;1;1;1;1;2;1;1;25;41;37;25;41;25;bug
1;1;1;1;1;0.5;2;2;1;0.5;0.5;1;1;1;1;2;1;1;85;51;77;55;51;65;bug
1;1;1;0.5;1;1;1;0.5;1;1;2;1;1;1;1;1;0.5;1;65;34;45;40;34;45;electric
1;1;1;0.5;1;1;1;0.5;1;1;2;1;1;1;1;1;0.5;1;85;49;60;60;49;60;electric
1;1;1;0.5;1;1;1;0.5;1;1;2;1;1;1;1;1;0.5;1;120;79;80;95;79;70;electric
1;1;1;0.5;0.5;0.5;2;2;1;0.25;1;2;1;1;2;1;1;0.5;30;35;40;50;70;55;grass
1;1;1;0.5;0.5;0.5;2;2;1;0.25;1;2;1;1;2;1;1;0.5;70;65;60;125;105;90;grass
1;1;1;1;1;2;0.5;0.5;1;2;2;1;0.5;0.5;1;1;2;2;125;40;67;30;30;58;rock
1;1;1;1;1;2;0.5;0.5;1;2;2;1;0.5;0.5;1;1;2;2;165;60;97;65;50;58;rock
0.5;1;0.5;1;0.5;4;1;0.25;1;1;4;0.5;0.25;0;0.5;0.5;1;2;42;118;30;42;88;30;rock
0.5;1;0.5;1;0.5;4;1;0.25;1;1;4;0.5;0.25;0;0.5;0.5;1;2;52;168;60;47;138;30;rock
1;1;1;1;1;0.5;2;2;1;0.5;0.5;1;1;1;1;2;1;1;29;45;40;29;45;36;bug
2;1;1;0.5;1;0.5;4;4;1;0.25;0.25;2;1;2;1;2;1;0.5;69;95;60;69;95;36;bug
0.5;1;1;2;1;0.25;2;2;1;0.25;0;2;1;1;1;4;1;1;94;50;70;94;50;66;bug
0.5;1;1;2;1;0.25;2;2;1;0.25;0;2;1;1;1;4;1;1;30;42;30;30;42;70;bug
0.5;1;1;2;1;0.25;2;2;1;0.25;0;2;1;1;1;4;1;1;80;102;70;80;102;40;bug
1;1;1;0.5;1;1;1;0.5;1;1;2;1;1;1;1;1;0.5;1;45;70;60;45;90;95;electric
1;1;1;2;1;1;0.5;1;1;2;1;0.5;1;1;1;1;0.5;0.5;65;35;55;60;30;85;water
1;1;1;2;1;1;0.5;1;1;2;1;0.5;1;1;1;1;0.5;0.5;105;55;85;85;50;115;water
2;1;1;0.5;1;1;2;2;1;0.5;0.5;2;1;2;1;1;1;0.5;35;45;45;62;53;35;grass
2;1;1;0.5;1;1;2;2;1;0.5;0.5;2;1;2;1;1;1;0.5;60;70;70;87;78;85;grass
1;1;1;2;1;1;0.5;1;1;2;1;0.5;1;1;1;1;0.5;0.5;48;48;76;57;62;34;water
1;1;1;0;1;1;0.5;1;1;4;1;1;1;0.5;1;0.5;0.5;1;83;68;111;92;82;39;water
1;1;1;1;1;2;1;1;0;1;1;1;1;1;1;1;1;1;100;66;75;60;66;115;normal
0.25;2;1;2;1;0;1;1;2;0.5;0;2;0;0.5;1;2;1;1;50;34;90;60;44;70;ghost
0.25;2;1;2;1;0;1;1;2;0.5;0;2;0;0.5;1;2;1;1;80;44;150;90;54;80;ghost
1;1;1;1;1;2;1;1;0;1;1;1;1;1;1;1;1;1;66;44;55;44;56;85;normal
1;1;1;1;1;2;1;1;0;1;1;1;1;1;1;1;1;1;136;94;65;54;96;135;normal
0.5;2;1;1;1;0;1;1;2;1;1;1;0;0.5;1;1;1;1;60;60;60;105;105;105;ghost
1;0.5;1;2;2;1;1;1;0.5;0.5;0;2;1;1;0;2;1;1;125;52;100;105;52;71;dark
1;1;1;1;1;2;1;1;0;1;1;1;1;1;1;1;1;1;55;42;49;42;37;85;normal
1;1;1;1;1;2;1;1;0;1;1;1;1;1;1;1;1;1;82;64;71;64;59;112;normal
2;2;1;1;1;0.5;1;1;2;1;1;1;1;1;0.5;1;1;1;30;50;45;65;50;45;psychic
1;0.5;1;1;1;1;1;1;0.5;0.5;2;1;1;0.5;0;1;1;1;63;47;63;41;41;74;poison
1;0.5;1;1;1;1;1;1;0.5;0.5;2;1;1;0.5;0;1;1;1;93;67;103;71;61;84;poison
1;2;0.5;1;0.5;1;2;0.5;2;0.5;2;0.5;0.5;0;0.25;0.5;0.5;1;24;86;57;24;86;23;steel
1;2;0.5;1;0.5;1;2;0.5;2;0.5;2;0.5;0.5;0;0.25;0.5;0.5;1;89;116;67;79;116;33;steel
1;1;1;1;1;2;0.5;0.5;1;2;2;1;0.5;0.5;1;1;2;2;80;95;50;10;45;10;rock
1;1;0;1;1;0.25;1;1;2;1;1;1;1;2;0.5;1;2;1;25;45;20;70;90;60;psychic
1;1;1;1;1;2;1;1;0;1;1;1;1;1;1;1;1;1;5;5;100;15;65;30;normal
0.5;1;1;2;1;1;1;1;0;0.5;0;2;1;1;1;2;1;1;65;45;76;92;42;91;normal
1;1;1;1;2;0;1;1;1;1;1;1;0;0.5;0;1;1;1;92;108;50;92;108;35;ghost
1;1;2;0;2;1;0.5;1;1;1;1;4;1;0.5;1;0.5;1;1;70;45;58;40;45;42;dragon
1;1;2;0;2;1;0.5;1;1;1;1;4;1;0.5;1;0.5;1;1;90;65;68;50;55;82;dragon
1;1;2;0;2;1;0.5;1;1;1;1;4;1;0.5;1;0.5;1;1;170;115;108;120;95;92;dragon
1;1;1;1;1;2;1;1;0;1;1;1;1;1;1;1;1;1;85;40;135;40;85;5;normal
0.5;0.5;1;1;2;1;1;2;1;1;1;1;1;1;2;0.5;1;1;70;40;40;35;40;60;fighting
0.25;0.5;0.5;1;1;2;2;1;1;0.5;2;0.5;0.5;0;1;0.25;0.5;1;145;88;70;140;70;112;fighting
1;1;1;0;1;1;1;1;1;2;1;2;1;0.5;1;0.5;1;2;72;78;68;38;42;32;ground
1;1;1;0;1;1;1;1;1;2;1;2;1;0.5;1;0.5;1;2;112;118;108;68;72;47;ground
0.5;1;1;1;0.5;0.25;2;2;1;0.25;1;1;1;0.5;2;2;1;1;50;90;40;30;55;65;poison
1;0.5;1;1;1;1;1;1;0.5;0.5;2;1;1;0.5;0;1;1;1;90;110;70;60;75;95;poison
0.25;0.5;1;1;1;0.5;1;2;1;0.5;2;1;1;0.5;4;0.5;1;1;61;40;48;61;40;50;poison
0.25;0.5;1;1;1;0.5;1;2;1;0.5;2;1;1;0.5;4;0.5;1;1;106;65;83;86;65;85;poison
2;1;1;0.5;1;1;2;2;1;0.5;0.5;2;1;2;1;1;1;0.5;100;72;74;90;72;46;grass
1;1;1;2;1;1;0.5;1;1;2;1;0.5;1;1;1;1;0.5;0.5;49;56;49;49;61;66;water
1;1;1;2;1;1;0.5;1;1;2;1;0.5;1;1;1;1;0.5;0.5;69;76;69;69;86;91;water
0.5;1;1;4;1;0.5;0.5;1;1;1;0;1;1;1;1;2;0.5;0.5;20;50;45;60;120;50;water
2;1;1;0.5;1;2;4;2;1;0.5;0.5;1;1;2;1;2;2;0.5;62;50;60;62;60;40;grass
2;1;1;0.5;1;2;4;2;1;0.5;0.5;1;1;2;1;2;2;0.5;132;105;90;132;105;30;grass
2;0.5;1;1;2;4;2;1;0.5;1;1;0.5;1;1;0;2;2;1;120;65;70;45;85;125;dark
0.5;1;0.5;0.5;0.5;2;2;0.25;1;0.5;4;0.5;0.5;0;0.5;0.5;0.25;1;70;115;70;130;90;60;electric
1;1;1;1;1;2;1;1;0;1;1;1;1;1;1;1;1;1;85;95;110;80;95;50;normal
1;1;1;0;1;2;0.5;0.5;1;4;2;2;0.5;0.25;1;0.5;2;4;140;130;115;55;55;40;ground
2;1;1;0.5;1;1;2;2;1;0.5;0.5;2;1;2;1;1;1;0.5;100;125;100;110;50;50;grass
1;1;1;0.5;1;1;1;0.5;1;1;2;1;1;1;1;1;0.5;1;123;67;75;95;85;95;electric
0.5;1;1;1;0.5;1;0.5;1;1;0.5;2;0.5;1;1;1;2;0.5;2;95;67;75;125;95;83;fire
0.25;0.5;0;2;1;0.25;1;1;1;0.5;0;2;1;2;1;2;2;1;50;95;85;120;115;80;fairy
0.5;1;1;2;1;0.25;2;2;1;0.25;0;2;1;1;1;4;1;1;76;86;86;116;56;95;bug
2;1;1;0.5;1;1;2;2;1;0.5;0.5;2;1;2;1;1;1;0.5;110;130;65;60;65;95;grass
1;1;1;1;1;2;2;1;1;1;1;0.5;1;1;1;2;2;1;60;110;65;130;95;65;ice
0.5;1;1;0;1;0.5;1;1;1;1;0;4;1;0.5;1;1;1;2;95;125;75;45;75;95;ground
1;1;1;0;1;2;2;1;1;2;1;1;1;0.5;1;1;2;2;130;80;110;70;60;80;ice
1;1;1;1;1;2;1;1;0;1;1;1;1;1;1;1;1;1;80;70;85;135;75;90;normal
1;1;1;1;2;0.5;1;2;2;1;1;1;1;1;1;0.5;1;1;165;95;68;65;115;110;psychic
0.5;1;0.5;1;0.5;4;1;0.25;1;1;4;0.5;0.25;0;0.5;0.5;1;2;55;145;60;75;150;40;rock
0.5;2;1;1;1;0;1;1;2;1;1;1;0;0.5;1;1;1;1;100;135;45;65;135;45;ghost
0.5;2;1;1;1;0;2;1;2;1;1;0.5;0;0.5;1;2;2;1;80;70;70;80;70;110;ice
0.5;2;1;0.5;1;0;1;0.5;2;1;2;1;0;0.5;1;1;0.5;1;65;107;50;105;107;86;electric
2;2;1;1;1;0.5;1;1;2;1;1;1;1;1;0.5;1;1;1;75;130;75;75;130;95;psychic
2;2;1;1;1;0.5;1;1;2;1;1;1;1;1;0.5;1;1;1;105;105;80;105;105;80;psychic
2;2;1;1;1;0.5;1;1;2;1;1;1;1;1;0.5;1;1;1;125;70;75;125;70;115;psychic
0.5;1;1;0.5;1;2;1;0.5;1;0.25;2;1;0.5;0;0.5;0.5;0.5;0.5;120;120;100;150;100;90;steel
1;1;2;1;2;1;0.25;1;1;1;1;1;1;1;1;1;0.5;0.25;120;100;90;150;120;100;water
0.25;1;0.5;1;0.25;2;1;0.5;1;0.25;4;0.25;0.5;0;0.5;1;0.25;2;90;106;91;130;106;77;fire
1;1;1;1;1;2;1;1;0;1;1;1;1;1;1;1;1;1;160;110;110;80;110;100;normal
0.5;2;2;0.5;2;0;0.5;1;2;0.5;1;2;0;0.5;1;1;1;0.5;120;100;150;120;100;90;ghost
2;2;1;1;1;0.5;1;1;2;1;1;1;1;1;0.5;1;1;1;70;120;120;75;130;85;psychic
1;1;1;2;1;1;0.5;1;1;2;1;0.5;1;1;1;1;0.5;0.5;80;80;80;80;80;80;water
1;1;1;2;1;1;0.5;1;1;2;1;0.5;1;1;1;1;0.5;0.5;100;100;100;100;100;100;water
2;0.5;1;1;2;2;1;1;0.5;1;1;1;1;1;0;1;1;1;90;90;70;135;90;125;dark
2;1;1;0.5;1;1;2;2;1;0.5;0.5;2;1;2;1;1;1;0.5;103;75;100;120;75;127;grass
1;1;1;1;1;2;1;1;0;1;1;1;1;1;1;1;1;1;120;120;120;120;120;120;normal
1;2;1;1;0.5;0.5;0.5;1;2;0.5;2;0.5;1;1;0.5;2;0.5;2;100;100;100;100;100;100;psychic
2;1;1;0.5;1;1;2;2;1;0.5;0.5;2;1;2;1;1;1;0.5;45;55;45;45;55;63;grass
2;1;1;0.5;1;1;2;2;1;0.5;0.5;2;1;2;1;1;1;0.5;60;75;60;60;75;83;grass
2;1;1;0.5;1;1;2;2;1;0.5;0.5;2;1;2;1;1;1;0.5;75;95;75;75;95;113;grass
0.5;1;1;1;0.5;1;0.5;1;1;0.5;2;0.5;1;1;1;2;0.5;2;63;45;65;45;45;45;fire
0.25;0.5;1;1;1;1;0.5;2;1;0.5;2;0.5;1;1;2;1;0.5;2;93;55;90;70;55;55;fire
0.25;0.5;1;1;1;1;0.5;2;1;0.5;2;0.5;1;1;2;1;0.5;2;123;65;110;100;65;65;fire
1;1;1;2;1;1;0.5;1;1;2;1;0.5;1;1;1;1;0.5;0.5;55;45;55;63;45;45;water
1;1;1;2;1;1;0.5;1;1;2;1;0.5;1;1;1;1;0.5;0.5;75;60;75;83;60;60;water
1;1;1;2;1;1;0.5;1;1;2;1;0.5;1;1;1;1;0.5;0.5;100;85;95;108;70;70;water
1;1;1;1;1;2;1;1;0;1;1;1;1;1;1;1;1;1;55;39;45;35;39;42;normal
1;1;1;1;1;2;1;1;0;1;1;1;1;1;1;1;1;1;85;69;60;60;69;77;normal
1;1;1;1;1;2;1;1;0;1;1;1;1;1;1;1;1;1;60;45;45;25;45;55;normal
1;1;1;1;1;2;1;1;0;1;1;1;1;1;1;1;1;1;80;65;65;35;65;60;normal
1;1;1;1;1;2;1;1;0;1;1;1;1;1;1;1;1;1;110;90;85;45;90;80;normal
2;0.5;1;1;2;2;1;1;0.5;1;1;1;1;1;0;1;1;1;50;37;41;50;37;66;dark
2;0.5;1;1;2;2;1;1;0.5;1;1;1;1;1;0;1;1;1;88;50;64;88;50;106;dark
2;1;1;0.5;1;1;2;2;1;0.5;0.5;2;1;2;1;1;1;0.5;53;48;50;53;48;64;grass
2;1;1;0.5;1;1;2;2;1;0.5;0.5;2;1;2;1;1;1;0.5;98;63;75;98;63;101;grass
0.5;1;1;1;0.5;1;0.5;1;1;0.5;2;0.5;1;1;1;2;0.5;2;53;48;50;53;48;64;fire
0.5;1;1;1;0.5;1;0.5;1;1;0.5;2;0.5;1;1;1;2;0.5;2;98;63;75;98;63;101;fire
1;1;1;2;1;1;0.5;1;1;2;1;0.5;1;1;1;1;0.5;0.5;53;48;50;53;48;64;water
1;1;1;2;1;1;0.5;1;1;2;1;0.5;1;1;1;1;0.5;0.5;98;63;75;98;63;101;water
2;2;1;1;1;0.5;1;1;2;1;1;1;1;1;0.5;1;1;1;25;45;76;67;55;24;psychic
2;2;1;1;1;0.5;1;1;2;1;1;1;1;1;0.5;1;1;1;55;85;116;107;95;29;psychic
0.5;1;1;2;1;1;1;1;0;0.5;0;2;1;1;1;2;1;1;55;50;50;36;30;43;normal
0.5;1;1;2;1;1;1;1;0;0.5;0;2;1;1;1;2;1;1;77;62;62;50;42;65;normal
0.5;1;1;2;1;1;1;1;0;0.5;0;2;1;1;1;2;1;1;115;80;80;65;55;93;normal
1;1;1;0.5;1;1;1;0.5;1;1;2;1;1;1;1;1;0.5;1;60;32;45;50;32;76;electric
1;1;1;0.5;1;1;1;0.5;1;1;2;1;1;1;1;1;0.5;1;100;63;75;80;63;116;electric
1;1;1;1;1;2;0.5;0.5;1;2;2;1;0.5;0.5;1;1;2;2;75;85;55;25;25;15;rock
1;1;1;1;1;2;0.5;0.5;1;2;2;1;0.5;0.5;1;1;2;2;105;105;70;50;40;20;rock
1;1;1;1;1;2;0.5;0.5;1;2;2;1;0.5;0.5;1;1;2;2;135;130;85;60;80;25;rock
1;2;1;2;1;0.25;1;1;2;0.5;0;2;1;1;0.5;2;1;1;45;43;65;55;43;72;psychic
1;2;1;2;1;0.25;1;1;2;0.5;0;2;1;1;0.5;2;1;1;57;55;67;77;55;114;psychic
1;1;1;0;1;1;1;1;1;2;1;2;1;0.5;1;0.5;1;2;85;40;60;30;45;68;ground
0.5;1;0.5;0;0.5;2;2;0.5;1;1;2;1;0.5;0;0.5;0.25;0.5;2;135;60;110;50;65;88;ground
1;1;1;1;1;2;1;1;0;1;1;1;1;1;1;1;1;1;60;126;103;80;126;50;normal
0.5;0.5;1;1;2;1;1;2;1;1;1;1;1;1;2;0.5;1;1;80;55;75;25;35;35;fighting
0.5;0.5;1;1;2;1;1;2;1;1;1;1;1;1;2;0.5;1;1;105;85;85;40;50;40;fighting
0.5;0.5;1;1;2;1;1;2;1;1;1;1;1;1;2;0.5;1;1;140;95;105;55;65;45;fighting
1;1;1;2;1;1;0.5;1;1;2;1;0.5;1;1;1;1;0.5;0.5;50;40;50;50;40;64;water
1;1;1;0;1;1;0.5;1;1;4;1;1;1;0.5;1;0.5;0.5;1;65;55;75;65;55;69;water
1;1;1;0;1;1;0.5;1;1;4;1;1;1;0.5;1;0.5;0.5;1;95;75;105;85;75;74;water
0.5;0.5;1;1;2;1;1;2;1;1;1;1;1;1;2;0.5;1;1;100;85;120;30;85;45;fighting
0.5;0.5;1;1;2;1;1;2;1;1;1;1;1;1;2;0.5;1;1;125;75;75;30;75;85;fighting
2;1;1;0.5;1;0.5;4;4;1;0.25;0.25;2;1;2;1;2;1;0.5;53;70;45;40;60;42;bug
2;1;1;0.5;1;0.5;4;4;1;0.25;0.25;2;1;2;1;2;1;0.5;63;90;55;50;80;42;bug
2;1;1;0.5;1;0.5;4;4;1;0.25;0.25;2;1;2;1;2;1;0.5;103;80;75;70;80;92;bug
0.5;1;1;1;0.5;0.25;2;2;1;0.25;1;1;1;0.5;2;2;1;1;45;59;30;30;39;57;bug
0.5;1;1;1;0.5;0.25;2;2;1;0.25;1;1;1;0.5;2;2;1;1;55;99;40;40;79;47;bug
0.5;1;1;1;0.5;0.25;2;2;1;0.25;1;1;1;0.5;2;2;1;1;100;89;60;55;69;112;bug
1;0.5;0;0.5;1;0.5;2;2;1;0.5;0.5;2;1;4;1;1;2;0.5;27;60;40;37;50;66;grass
1;0.5;0;0.5;1;0.5;2;2;1;0.5;0.5;2;1;4;1;1;2;0.5;67;85;60;77;75;116;grass
2;1;1;0.5;1;1;2;2;1;0.5;0.5;2;1;2;1;1;1;0.5;35;50;45;70;50;30;grass
2;1;1;0.5;1;1;2;2;1;0.5;0.5;2;1;2;1;1;1;0.5;60;75;70;110;75;90;grass
1;1;1;2;1;1;0.5;1;1;2;1;0.5;1;1;1;1;0.5;0.5;92;65;70;80;55;98;water
2;0.5;1;0;2;2;1;1;0.5;2;1;2;1;0.5;0;0.5;1;2;72;35;50;35;35;65;ground
2;0.5;1;0;2;2;1;1;0.5;2;1;2;1;0.5;0;0.5;1;2;82;45;60;45;45;74;ground
2;0.5;1;0;2;2;1;1;0.5;2;1;2;1;0.5;0;0.5;1;2;117;80;95;65;70;92;ground
0.5;1;1;1;0.5;1;0.5;1;1;0.5;2;0.5;1;1;1;2;0.5;2;90;45;70;15;45;50;fire
0.5;1;1;1;0.5;1;0.5;1;1;0.5;2;0.5;1;1;1;2;0.5;2;30;105;105;140;105;55;fire
2;1;1;0.5;1;1;2;2;1;0.5;0.5;2;1;2;1;1;1;0.5;86;67;75;106;67;60;grass
1;1;1;1;1;1;1;1;1;1;1;1;0.5;0.5;1;2;2;2;65;85;50;35;35;55;bug
1;1;1;1;1;1;1;1;1;1;1;1;0.5;0.5;1;2;2;2;105;125;70;65;75;45;bug
1;0.25;1;1;4;2;1;2;0.5;1;1;1;1;1;0;0.5;1;1;75;70;50;35;70;48;dark
1;0.25;1;1;4;2;1;2;0.5;1;1;1;1;1;0;0.5;1;1;90;115;65;45;115;58;dark
1;2;1;2;1;0.25;1;1;2;0.5;0;2;1;1;0.5;2;1;1;58;80;72;103;80;97;psychic
0.5;2;1;1;1;0;1;1;2;1;1;1;0;0.5;1;1;1;1;30;85;38;55;65;30;ghost
0.5;2;1;1;1;0;1;1;2;1;1;1;0;0.5;1;1;1;1;50;145;58;95;105;30;ghost
1;1;1;2;1;2;0.25;0.5;1;4;2;0.5;0.5;0.5;1;1;1;1;78;103;54;53;45;22;water
1;1;1;2;1;2;0.25;0.5;1;4;2;0.5;0.5;0.5;1;1;1;1;108;133;74;83;65;32;water
0.5;1;1;2;1;1;0.5;0.5;1;1;0;2;0.5;0.5;1;2;2;2;112;45;55;74;45;70;rock
0.5;1;1;2;1;1;0.5;0.5;1;1;0;2;0.5;0.5;1;2;2;2;140;65;75;112;65;110;rock
0.5;1;1;1;0.5;0.5;1;1;1;0.5;2;1;1;0.5;2;1;1;1;50;62;50;40;62;65;poison
0.5;1;1;1;0.5;0.5;1;1;1;0.5;2;1;1;0.5;2;1;1;1;95;82;80;60;82;75;poison
2;0.5;1;1;2;2;1;1;0.5;1;1;1;1;1;0;1;1;1;65;40;40;80;40;65;dark
2;0.5;1;1;2;2;1;1;0.5;1;1;1;1;1;0;1;1;1;105;60;60;120;60;105;dark
1;1;1;1;1;2;1;1;0;1;1;1;1;1;1;1;1;1;50;40;55;40;40;75;normal
1;1;1;1;1;2;1;1;0;1;1;1;1;1;1;1;1;1;95;60;75;65;60;115;normal
2;2;1;1;1;0.5;1;1;2;1;1;1;1;1;0.5;1;1;1;30;50;45;55;65;45;psychic
2;2;1;1;1;0.5;1;1;2;1;1;1;1;1;0.5;1;1;1;45;70;60;75;85;55;psychic
2;2;1;1;1;0.5;1;1;2;1;1;1;1;1;0.5;1;1;1;55;95;70;95;110;65;psychic
2;2;1;1;1;0.5;1;1;2;1;1;1;1;1;0.5;1;1;1;30;40;45;105;50;20;psychic
2;2;1;1;1;0.5;1;1;2;1;1;1;1;1;0.5;1;1;1;40;50;65;125;60;30;psychic
2;2;1;1;1;0.5;1;1;2;1;1;1;1;1;0.5;1;1;1;65;75;110;125;85;30;psychic
0.5;1;1;4;1;0.5;0.5;1;1;1;0;1;1;1;1;2;0.5;0.5;44;50;62;44;50;55;water
0.5;1;1;4;1;0.5;0.5;1;1;1;0;1;1;1;1;2;0.5;0.5;87;63;75;87;63;98;water
1;1;1;1;1;2;2;1;1;1;1;0.5;1;1;1;2;2;1;50;50;36;65;60;44;ice
1;1;1;1;1;2;2;1;1;1;1;0.5;1;1;1;2;2;1;65;65;51;80;75;59;ice
1;1;1;1;1;2;2;1;1;1;1;0.5;1;1;1;2;2;1;95;85;71;110;95;79;ice
2;1;1;0.5;1;2;2;2;0;0.5;0.5;2;1;2;1;1;1;0.5;60;50;60;40;50;75;normal
2;1;1;0.5;1;2;2;2;0;0.5;0.5;2;1;2;1;1;1;0.5;100;70;80;60;70;95;normal
0.5;1;1;1;1;0.5;1;0.5;1;0.5;0;2;1;1;1;2;0.5;1;75;60;55;75;60;103;electric
1;1;1;1;1;0.5;2;2;1;0.5;0.5;1;1;1;1;2;1;1;75;45;50;40;45;60;bug
0.5;1;0.5;1;0.5;1;4;1;1;0.25;1;0.5;0.5;0;0.5;1;0.5;1;135;105;70;60;105;20;bug
1;1;1;0.5;0.5;0.5;2;2;1;0.25;1;2;1;1;2;1;1;0.5;55;45;69;55;55;15;grass
1;1;1;0.5;0.5;0.5;2;2;1;0.25;1;2;1;1;2;1;1;0.5;85;70;114;85;80;30;grass
0.5;2;1;2;1;0;0.5;1;2;2;1;0.5;0;0.5;1;1;0.5;0.5;40;50;55;65;85;40;water
0.5;2;1;2;1;0;0.5;1;2;2;1;0.5;0;0.5;1;1;0.5;0.5;60;70;100;85;105;60;water
1;1;1;2;1;1;0.5;1;1;2;1;0.5;1;1;1;1;0.5;0.5;75;80;165;40;45;65;water
1;1;1;0.5;1;0.5;2;1;1;0.5;1;1;1;1;1;2;0.5;1;47;50;50;57;50;65;bug
1;1;1;0.5;1;0.5;2;1;1;0.5;1;1;1;1;1;2;0.5;1;77;60;70;97;60;108;bug
1;1;0.5;0.5;0.5;2;4;1;1;0.25;1;1;0.5;0;0.5;0.5;0.5;0.5;50;91;44;24;86;10;grass
1;1;0.5;0.5;0.5;2;4;1;1;0.25;1;1;0.5;0;0.5;0.5;0.5;0.5;94;131;74;54;116;20;grass
0.5;1;0.5;1;0.5;2;2;0.5;1;0.5;2;0.5;0.5;0;0.5;0.5;0.5;1;55;70;40;45;60;30;steel
0.5;1;0.5;1;0.5;2;2;0.5;1;0.5;2;0.5;0.5;0;0.5;0.5;0.5;1;80;95;60;70;85;50;steel
0.5;1;0.5;1;0.5;2;2;0.5;1;0.5;2;0.5;0.5;0;0.5;0.5;0.5;1;100;115;60;70;85;90;steel
1;1;1;0.5;1;1;1;0.5;1;1;2;1;1;1;1;1;0.5;1;55;40;35;45;40;60;electric
1;1;1;0.5;1;1;1;0.5;1;1;2;1;1;1;1;1;0.5;1;85;70;65;75;70;40;electric
1;1;1;0.5;1;1;1;0.5;1;1;2;1;1;1;1;1;0.5;1;115;80;85;105;80;50;electric
2;2;1;1;1;0.5;1;1;2;1;1;1;1;1;0.5;1;1;1;55;55;55;85;55;30;psychic
2;2;1;1;1;0.5;1;1;2;1;1;1;1;1;0.5;1;1;1;75;75;75;125;95;40;psychic
0.25;2;1;1;0.5;0;0.5;1;2;0.5;2;0.5;0;0.5;1;2;0.5;2;30;55;50;65;55;20;ghost
0.25;2;1;1;0.5;0;0.5;1;2;0.5;2;0.5;0;0.5;1;2;0.5;2;40;60;60;95;60;55;ghost
0.25;2;1;1;0.5;0;0.5;1;2;0.5;2;0.5;0;0.5;1;2;0.5;2;55;90;60;145;90;80;ghost
1;1;2;0.5;2;1;0.5;1;1;0.5;1;2;1;1;1;1;1;0.5;87;60;46;30;40;57;dragon
1;1;2;0.5;2;1;0.5;1;1;0.5;1;2;1;1;1;1;1;0.5;117;70;66;40;50;67;dragon
1;1;2;0.5;2;1;0.5;1;1;0.5;1;2;1;1;1;1;1;0.5;147;90;76;60;70;97;dragon
1;1;1;1;1;2;2;1;1;1;1;0.5;1;1;1;2;2;1;70;40;55;60;40;40;ice
1;1;1;1;1;2;2;1;1;1;1;0.5;1;1;1;2;2;1;130;80;95;70;80;50;ice
1;1;1;1;1;2;2;1;1;1;1;0.5;1;1;1;2;2;1;50;50;80;95;135;105;ice
1;1;1;1;1;0.5;2;2;1;0.5;0.5;1;1;1;1;2;1;1;40;85;50;40;65;25;bug
1;1;1;1;1;0.5;2;2;1;0.5;0.5;1;1;1;1;2;1;1;70;40;80;100;60;145;bug
1;1;1;0;1;1;1;0.5;1;2;2;2;1;0.5;1;0.5;0.5;2;66;84;109;81;99;32;ground
0.5;0.5;1;1;2;1;1;2;1;1;1;1;1;1;2;0.5;1;1;85;50;45;55;50;65;fighting
0.5;0.5;1;1;2;1;1;2;1;1;1;1;1;1;2;0.5;1;1;125;60;65;95;60;105;fighting
1;1;2;0.5;2;1;0.5;1;1;0.5;1;2;1;1;1;1;1;0.5;120;90;77;60;90;48;dragon
0.5;2;1;0;1;0;1;1;2;2;1;2;0;0.25;1;0.5;1;2;74;50;59;35;50;35;ground
0.5;2;1;0;1;0;1;1;2;2;1;2;0;0.25;1;0.5;1;2;124;80;89;55;80;55;ground
1;0.5;0.5;1;1;4;2;0.5;0.5;0.5;2;0.5;0.5;0;0;0.5;0.5;1;85;70;45;40;40;60;dark
1;0.5;0.5;1;1;4;2;0.5;0.5;0.5;2;0.5;0.5;0;0;0.5;0.5;1;125;100;65;60;70;70;dark
1;1;1;1;1;2;1;1;0;1;1;1;1;1;1;1;1;1;110;95;95;40;95;55;normal
0.5;1;1;2;1;1;1;1;0;0.5;0;2;1;1;1;2;1;1;83;50;70;37;50;60;normal
0.5;1;1;2;1;1;1;1;0;0.5;0;2;1;1;1;2;1;1;123;75;100;57;75;80;normal
1;0.5;1;2;2;1;1;1;0.5;0.5;0;2;1;1;0;2;1;1;55;75;70;45;65;60;dark
1;0.5;1;2;2;1;1;1;0.5;0.5;0;2;1;1;0;2;1;1;65;105;110;55;95;80;dark
0.5;1;1;1;0.5;1;0.5;1;1;0.5;2;0.5;1;1;1;2;0.5;2;97;66;85;105;66;65;fire
0.5;1;0.5;1;0.5;1;4;1;1;0.25;1;0.5;0.5;0;0.5;1;0.5;1;109;112;58;48;48;109;bug
2;0.5;2;0.5;4;2;0.5;1;0.5;0.5;1;2;1;1;0;1;1;0.5;65;50;52;45;50;38;dark
2;0.5;2;0.5;4;2;0.5;1;0.5;0.5;1;2;1;1;0;1;1;0.5;85;70;72;65;70;58;dark
2;0.5;2;0.5;4;2;0.5;1;0.5;0.5;1;2;1;1;0;1;1;0.5;105;90;92;125;90;98;dark
0.5;1;1;1;0.5;0.5;1;2;1;0.25;1;0.5;1;1;1;4;0.5;2;85;55;55;50;55;60;bug
0.5;1;1;1;0.5;0.5;1;2;1;0.25;1;0.5;1;1;1;4;0.5;2;60;65;85;135;105;100;bug
0.25;0.5;0.5;1;1;2;2;1;1;0.5;2;0.5;0.5;0;1;0.25;0.5;1;90;129;91;90;72;108;steel
0.5;0.5;1;1;2;2;0.5;1;1;2;2;1;0.5;0.5;2;0.5;2;2;129;90;91;72;90;108;rock
1;0.5;1;0.5;2;1;2;4;1;0.5;0.5;2;1;2;2;0.5;1;0.5;90;72;91;90;129;108;grass
0.5;1;1;2;1;0.5;1;1;1;0.5;0;2;1;1;1;2;1;1;100;80;79;110;90;121;flying
0.5;1;1;1;1;0.5;1;0.5;1;0.5;0;2;1;1;1;2;0.5;1;105;70;79;145;80;101;electric
0.5;1;2;0.5;1;1;0.25;1;1;0.25;2;1;1;1;1;2;0.5;1;120;100;100;150;120;90;dragon
1;1;2;0.25;2;1;0.5;0.5;1;0.5;2;2;1;1;1;1;0.5;0.5;150;120;100;120;100;90;dragon
0.5;1;1;0;1;0.5;1;1;1;1;0;4;1;0.5;1;1;1;2;145;90;89;105;80;91;ground
1;1;2;0.5;2;2;1;1;1;0.5;1;1;1;1;1;2;2;0.5;120;90;125;170;100;95;dragon
0.5;0.5;1;2;2;1;0.5;2;1;2;1;0.5;1;1;2;0.5;0.5;0.5;72;90;91;129;90;108;water
2;2;1;1;1;1;1;1;0;1;1;1;1;1;0.5;1;1;1;128;90;100;77;77;128;normal
0.5;1;0.5;1;0.5;1;4;1;1;0.25;1;0.5;0.5;0;0.5;1;0.5;1;120;95;71;120;95;99;bug
2;1;1;0.5;1;1;2;2;1;0.5;0.5;2;1;2;1;1;1;0.5;61;65;56;48;45;38;grass
2;1;1;0.5;1;1;2;2;1;0.5;0.5;2;1;2;1;1;1;0.5;78;95;61;56;58;57;grass
1;0.5;1;0.5;2;1;2;4;1;0.5;0.5;2;1;2;2;0.5;1;0.5;107;122;88;74;75;64;grass
0.5;1;1;1;0.5;1;0.5;1;1;0.5;2;0.5;1;1;1;2;0.5;2;45;40;40;62;60;60;fire
0.5;1;1;1;0.5;1;0.5;1;1;0.5;2;0.5;1;1;1;2;0.5;2;59;58;59;90;70;73;fire
1;2;1;1;0.5;0.5;0.5;1;2;0.5;2;0.5;1;1;0.5;2;0.5;2;69;72;75;114;100;104;fire
1;1;1;2;1;1;0.5;1;1;2;1;0.5;1;1;1;1;0.5;0.5;56;40;41;62;44;71;water
1;1;1;2;1;1;0.5;1;1;2;1;0.5;1;1;1;1;0.5;0.5;63;52;54;83;56;97;water
2;0.5;1;2;2;2;0.5;1;0.5;2;1;0.5;1;1;0;1;0.5;0.5;145;67;72;153;71;132;water
1;1;1;1;1;2;1;1;0;1;1;1;1;1;1;1;1;1;36;38;38;32;36;57;normal
1;1;1;0;1;2;1;1;0;2;1;2;1;0.5;1;0.5;1;2;56;77;85;50;77;78;normal
0.5;1;1;2;1;1;1;1;0;0.5;0;2;1;1;1;2;1;1;50;43;45;40;38;62;normal
0.25;1;1;2;0.5;0.5;0.5;1;1;0.25;0;1;1;1;1;4;0.5;2;73;55;62;56;52;84;fire
0.25;1;1;2;0.5;0.5;0.5;1;1;0.25;0;1;1;1;1;4;0.5;2;81;71;78;74;69;126;fire
1;1;1;1;1;0.5;2;2;1;0.5;0.5;1;1;1;1;2;1;1;35;40;38;27;25;35;bug
1;1;1;1;1;0.5;2;2;1;0.5;0.5;1;1;1;1;2;1;1;22;60;45;27;30;29;bug
0.5;1;1;2;1;0.25;2;2;1;0.25;0;2;1;1;1;4;1;1;52;50;80;90;50;89;bug
0.5;1;1;1;0.5;2;0.5;1;0;0.5;2;0.5;1;1;1;2;0.5;2;50;58;62;73;54;72;fire
0.5;1;1;1;0.5;2;0.5;1;0;0.5;2;0.5;1;1;1;2;0.5;2;68;72;86;109;66;106;fire
0.5;0.5;0;1;1;0.5;1;1;1;1;1;1;1;2;1;1;2;1;38;39;44;61;79;42;fairy
0.5;0.5;0;1;1;0.5;1;1;1;1;1;1;1;2;1;1;2;1;65;67;74;125;128;92;fairy
0.5;0.5;0;1;1;0.5;1;1;1;1;1;1;1;2;1;1;2;1;65;68;78;112;154;75;fairy
2;1;1;0.5;1;1;2;2;1;0.5;0.5;2;1;2;1;1;1;0.5;65;48;66;62;57;52;grass
2;1;1;0.5;1;1;2;2;1;0.5;0.5;2;1;2;1;1;1;0.5;100;62;123;97;81;68;grass
0.5;0.5;1;1;2;1;1;2;1;1;1;1;1;1;2;0.5;1;1;82;62;67;46;48;43;fighting
1;0.25;1;1;4;2;1;2;0.5;1;1;1;1;1;0;0.5;1;1;124;78;95;69;71;58;fighting
1;1;1;1;1;2;1;1;0;1;1;1;1;1;1;1;1;1;80;60;75;65;90;102;normal
2;2;1;1;1;0.5;1;1;2;1;1;1;1;1;0.5;1;1;1;48;54;62;63;60;68;psychic
2;2;1;1;1;0.5;1;1;2;1;1;1;1;1;0.5;1;1;1;48;76;74;83;81;104;psychic
0.25;2;0.5;1;0.5;0;2;0.5;2;0.5;2;0.5;0;0;0.5;0.5;0.5;1;80;100;45;35;37;28;steel
0.25;2;0.5;1;0.5;0;2;0.5;2;0.5;2;0.5;0;0;0.5;0.5;0.5;1;110;150;59;45;49;35;steel
0.25;2;0.5;1;0.5;0;2;0.5;2;0.5;2;0.5;0;0;0.5;0.5;0.5;1;150;50;60;150;50;60;steel
0.5;0.5;0;1;1;0.5;1;1;1;1;1;1;1;2;1;1;2;1;52;60;78;63;65;23;fairy
0.5;0.5;0;1;1;0.5;1;1;1;1;1;1;1;2;1;1;2;1;72;72;101;99;89;29;fairy
0.5;0.5;0;1;1;0.5;1;1;1;1;1;1;1;2;1;1;2;1;48;66;62;59;57;49;fairy
0.5;0.5;0;1;1;0.5;1;1;1;1;1;1;1;2;1;1;2;1;80;86;82;85;75;72;fairy
4;1;1;1;2;1;1;1;1;1;1;1;1;1;0;1;1;1;54;53;53;37;46;45;dark
4;1;1;1;2;1;1;1;1;1;1;1;1;1;0;1;1;1;92;88;86;68;75;73;dark
1;1;1;2;1;2;0.25;0.5;1;4;2;0.5;0.5;0.5;1;1;1;1;52;67;42;39;56;50;rock
1;1;1;2;1;2;0.25;0.5;1;4;2;0.5;0.5;0.5;1;1;1;1;105;115;72;54;86;68;rock
0.5;1;1;2;0.5;0.5;0.5;1;1;1;2;0.5;1;0.5;2;1;0.5;0.5;60;60;50;60;60;30;poison
0.5;1;2;0.5;1;0.5;0.5;1;1;0.25;2;2;1;0.5;2;1;1;0.5;75;90;65;97;123;44;poison
1;1;1;2;1;1;0.5;1;1;2;1;0.5;1;1;1;1;0.5;0.5;53;62;50;58;63;44;water
1;1;1;2;1;1;0.5;1;1;2;1;0.5;1;1;1;1;0.5;0.5;73;88;71;120;89;59;water
1;1;1;0.5;1;2;1;0.5;0;1;2;1;1;1;1;1;0.5;1;38;33;44;61;43;70;electric
1;1;1;0.5;1;2;1;0.5;0;1;2;1;1;1;1;1;0.5;1;55;52;62;109;94;109;electric
1;1;2;0.5;2;2;0.25;0.5;1;1;2;2;0.5;0.5;1;1;2;1;89;77;58;45;45;48;rock
1;1;2;0.5;2;2;0.25;0.5;1;1;2;2;0.5;0.5;1;1;2;1;121;119;82;69;59;71;rock
1;1;1;1;1;4;1;0.5;1;2;2;0.5;0.5;0.5;1;2;4;2;59;50;77;67;63;46;rock
1;1;1;1;1;4;1;0.5;1;2;2;0.5;0.5;0.5;1;2;4;2;77;72;123;99;92;58;rock
0.5;0.5;0;1;1;0.5;1;1;1;1;1;1;1;2;1;1;2;1;65;65;95;110;130;60;fairy
0.25;0.5;1;2;2;0.5;1;2;1;0.5;0;2;1;1;2;1;1;1;92;75;78;74;63;118;fighting
0.5;0.5;0;0.5;1;0.5;1;0.5;1;1;2;1;1;2;1;1;1;1;58;57;67;81;67;101;electric
0.5;0.5;0;1;1;1;0.5;0.5;1;2;2;1;0.5;1;1;1;4;2;50;150;50;50;150;50;rock
1;1;2;0.5;2;1;0.5;1;1;0.5;1;2;1;1;1;1;1;0.5;50;35;45;55;75;40;dragon
1;1;2;0.5;2;1;0.5;1;1;0.5;1;2;1;1;1;1;1;0.5;75;53;68;83;113;60;dragon
1;1;2;0.5;2;1;0.5;1;1;0.5;1;2;1;1;1;1;1;0.5;100;70;90;110;150;80;dragon
0.25;0.5;0;1;0.5;1;2;0.5;1;0.5;2;0.5;0.5;0;0.5;0.5;1;1;80;91;57;80;87;75;steel
1;2;1;0.5;1;0;2;2;2;0.5;0.5;2;0;1;1;1;1;0.5;70;48;43;50;60;38;ghost
1;2;1;0.5;1;0;2;2;2;0.5;0.5;2;0;1;1;1;1;0.5;110;76;85;65;82;56;ghost
1;2;1;0.5;1;0;2;2;2;0.5;0.5;2;0;1;1;1;1;0.5;66;70;59;44;55;41;ghost
1;2;1;0.5;1;0;2;2;2;0.5;0.5;2;0;1;1;1;1;0.5;100;122;85;58;75;54;ghost
1;1;1;1;1;2;2;1;1;1;1;0.5;1;1;1;2;2;1;69;85;55;32;35;28;ice
1;1;1;1;1;2;2;1;1;1;1;0.5;1;1;1;2;2;1;117;184;95;44;46;28;ice
0.5;1;2;1;2;0.5;0.5;1;1;0.25;0;4;1;1;1;2;1;0.5;30;35;40;45;40;55;flying
0.5;1;2;1;2;0.5;0.5;1;1;0.25;0;4;1;1;1;2;1;0.5;70;80;85;97;80;123;flying
0.5;0.5;0;1;1;0.5;1;1;1;1;1;1;1;2;1;1;2;1;131;95;126;131;98;99;fairy
1;0.5;1;2;2;1;1;1;0.5;0.5;0;2;1;1;0;2;1;1;131;95;126;131;98;99;dark
1;1;2;0;2;1;0.5;1;1;1;1;4;1;0.5;1;0.5;1;1;100;121;216;91;95;85;dragon
0.5;0.5;0;1;1;1;0.5;0.5;1;2;2;1;0.5;1;1;1;4;2;160;110;50;160;110;110;rock
1;4;1;1;1;0;1;1;4;1;1;1;0;0.5;0.5;1;1;1;160;60;80;170;130;80;psychic
0.5;1;1;2;0.5;1;0.25;1;1;1;2;0.25;1;1;1;2;0.25;1;110;120;80;130;90;70;fire
1;1;1;1;1;0.5;2;2;1;0.25;0;4;1;2;1;2;1;0.5;55;55;68;50;50;42;grass
1;1;1;1;1;0.5;2;2;1;0.25;0;4;1;2;1;2;1;0.5;75;75;78;70;70;52;grass
1;2;1;0.5;1;0;2;2;2;0.5;0.5;2;0;1;1;1;1;0.5;107;75;78;100;100;70;grass
0.5;1;1;1;0.5;1;0.5;1;1;0.5;2;0.5;1;1;1;2;0.5;2;65;40;45;60;40;70;fire
0.5;1;1;1;0.5;1;0.5;1;1;0.5;2;0.5;1;1;1;2;0.5;2;85;50;65;80;50;90;fire
1;0.5;1;1;1;2;0.5;1;0.5;0.5;2;0.5;1;1;0;2;0.5;2;115;90;95;80;90;60;fire
1;1;1;2;1;1;0.5;1;1;2;1;0.5;1;1;1;1;0.5;0.5;54;54;50;66;56;40;water
1;1;1;2;1;1;0.5;1;1;2;1;0.5;1;1;1;1;0.5;0.5;69;69;60;91;81;50;water
0.5;0.5;0;2;1;0.5;0.5;1;1;2;1;0.5;1;2;1;1;1;0.5;74;74;80;126;116;60;water
0.5;1;1;2;1;1;1;1;0;0.5;0;2;1;1;1;2;1;1;75;30;35;30;30;65;normal
0.5;1;1;2;1;1;1;1;0;0.5;0;2;1;1;1;2;1;1;85;50;55;40;50;75;normal
0.5;1;1;2;1;1;1;1;0;0.5;0;2;1;1;1;2;1;1;120;75;80;75;75;60;normal
1;1;1;1;1;2;1;1;0;1;1;1;1;1;1;1;1;1;70;30;48;30;30;45;normal
1;1;1;1;1;2;1;1;0;1;1;1;1;1;1;1;1;1;110;60;88;55;60;45;normal
1;1;1;1;1;0.5;2;2;1;0.5;0.5;1;1;1;1;2;1;1;62;45;47;55;45;46;bug
1;1;1;0.5;1;0.5;2;1;1;0.5;1;1;1;1;1;2;0.5;1;82;95;57;55;75;36;bug
1;1;1;0.5;1;0.5;2;1;1;0.5;1;1;1;1;1;2;0.5;1;70;90;77;145;75;43;bug
0.5;0.5;1;1;2;1;1;2;1;1;1;1;1;1;2;0.5;1;1;82;57;47;42;47;63;fighting
0.5;0.5;1;1;2;2;2;2;1;1;1;0.5;1;1;2;1;2;1;132;77;97;62;67;43;fighting
0.25;1;1;2;0.5;0.5;0.5;1;1;0.25;0;1;1;1;1;4;0.5;2;70;70;75;98;70;93;fire
0.5;0.5;0;1;1;0.25;2;2;1;0.5;0.5;1;1;2;1;2;2;1;45;40;40;55;40;84;bug
0.5;0.5;0;1;1;0.25;2;2;1;0.5;0.5;1;1;2;1;2;2;1;55;60;60;95;70;124;bug
1;1;1;1;1;2;0.5;0.5;1;2;2;1;0.5;0.5;1;1;2;2;65;40;45;30;40;60;rock
1;1;1;1;1;2;0.5;0.5;1;2;2;1;0.5;0.5;1;1;2;2;115;75;85;55;75;82;rock
1;1;1;2;1;1;0.5;1;1;2;1;0.5;1;1;1;1;0.5;0.5;140;130;45;140;135;30;water
0.5;1;1;2;0.5;0.5;0.5;1;1;1;2;0.5;1;0.5;2;1;0.5;0.5;53;62;50;43;52;45;poison
0.5;1;1;2;0.5;0.5;0.5;1;1;1;2;0.5;1;0.5;2;1;0.5;0.5;63;152;50;53;142;35;poison
1;1;1;0;1;1;1;1;1;2;1;2;1;0.5;1;0.5;1;2;100;70;70;45;55;45;ground
1;1;1;0;1;1;1;1;1;2;1;2;1;0.5;1;0.5;1;2;125;100;100;55;85;35;ground
1;1;1;2;1;0.5;1;2;1;1;0.5;0.5;1;1;1;2;0.5;0.5;40;52;38;40;72;27;water
1;1;1;2;1;0.5;1;2;1;1;0.5;0.5;1;1;1;2;0.5;0.5;70;92;68;50;132;42;water
2;1;1;0.5;1;1;2;2;1;0.5;0.5;2;1;2;1;1;1;0.5;55;35;40;50;35;35;grass
2;1;1;0.5;1;1;2;2;1;0.5;0.5;2;1;2;1;1;1;0.5;105;90;70;80;90;45;grass
1;0.5;0;0.5;1;0.5;2;2;1;0.5;0.5;2;1;4;1;1;2;0.5;35;55;40;65;75;15;grass
1;0.5;0;0.5;1;0.5;2;2;1;0.5;0.5;2;1;4;1;1;2;0.5;45;80;60;90;100;30;grass
0.25;1;1;1;0.25;0.5;0.5;1;1;0.25;4;0.5;1;0.5;2;2;0.5;2;44;40;48;71;40;77;poison
0.25;1;1;1;0.25;0.5;0.5;1;1;0.25;4;0.5;1;0.5;2;2;0.5;2;64;60;68;111;60;117;poison
0.5;0.5;1;1;2;2;1;2;0;1;1;1;1;1;2;0.5;1;1;75;50;70;45;50;50;normal
0.5;0.5;1;1;2;2;1;2;0;1;1;1;1;1;2;0.5;1;1;125;80;120;55;60;60;normal
2;1;1;0.5;1;1;2;2;1;0.5;0.5;2;1;2;1;1;1;0.5;30;38;42;30;38;32;grass
2;1;1;0.5;1;1;2;2;1;0.5;0.5;2;1;2;1;1;1;0.5;40;48;52;40;48;62;grass
2;1;1;0.5;1;1;2;2;1;0.5;0.5;2;1;2;1;1;1;0.5;120;98;72;50;98;72;grass
0.5;0.5;0;1;1;0.5;1;1;1;1;1;1;1;2;1;1;2;1;52;90;51;82;110;100;fairy
2;2;1;1;1;1;1;1;0;1;1;1;1;1;0.5;1;1;1;60;80;90;90;110;60;normal
0.5;0.5;1;1;2;1;1;2;1;1;1;1;1;1;2;0.5;1;1;120;90;100;40;60;80;fighting
1;1;1;2;1;0.5;1;2;1;1;0.5;0.5;1;1;1;2;0.5;0.5;35;40;25;20;30;80;bug
1;1;1;2;1;0.5;1;2;1;1;0.5;0.5;1;1;1;2;0.5;0.5;125;140;75;60;90;40;bug
0.5;2;1;0;1;0;1;1;2;2;1;2;0;0.25;1;0.5;1;2;55;80;55;70;45;15;ghost
0.5;2;1;0;1;0;1;1;2;2;1;2;0;0.25;1;0.5;1;2;75;110;85;100;75;35;ghost
1;1;1;2;1;1;0.5;1;1;2;1;0.5;1;1;1;1;0.5;0.5;60;130;55;30;130;5;water
1;1;1;1;1;2;1;1;0;1;1;1;1;1;1;1;1;1;95;95;95;95;95;59;normal
1;1;1;1;1;2;1;1;0;1;1;1;1;1;1;1;1;1;95;95;95;95;95;95;normal
0.5;1;1;2;1;1;0.5;0.5;1;1;0;2;0.5;0.5;1;2;2;2;100;60;60;100;60;120;rock
1;1;1;1;1;2;1;1;0;1;1;1;1;1;1;1;1;1;115;65;65;75;95;65;normal
0.5;1;2;0.5;1;1;0.25;1;1;0.25;2;1;1;1;1;2;0.5;1;78;135;60;91;85;36;fire
0.5;1;0.5;0.5;0.5;2;2;0.25;1;0.5;4;0.5;0.5;0;0.5;0.5;0.25;1;98;63;65;40;73;96;electric
0.25;1;0;1;1;0;1;1;2;1;1;1;0;1;1;1;2;1;90;80;55;50;105;96;ghost
2;2;1;2;1;0.5;0.5;1;2;2;1;0.5;1;1;0.5;1;0.5;0.5;105;70;68;70;70;92;water
1;1;2;0.5;2;2;0.5;1;0;0.5;1;2;1;1;1;1;1;0.5;60;85;78;135;91;36;normal
1;2;1;0.5;1;0;2;2;2;0.5;0.5;2;0;1;1;1;1;0.5;131;100;70;86;90;40;ghost
1;1;2;0.5;2;1;0.5;1;1;0.5;1;2;1;1;1;1;1;0.5;55;65;45;45;45;45;dragon
0.5;0.5;2;0.5;4;1;0.5;2;1;0.5;1;2;1;1;2;0.5;1;0.5;75;90;55;65;70;65;dragon
0.5;0.5;2;0.5;4;1;0.5;2;1;0.5;1;2;1;1;2;0.5;1;0.5;110;125;75;100;105;85;dragon
0.5;0.5;0;0.5;1;0.5;1;0.5;1;1;2;1;1;2;1;1;1;1;115;85;70;95;75;130;electric
1;1;0;1;1;0.25;1;1;2;1;1;1;1;2;0.5;1;2;1;85;75;70;130;115;95;psychic
1;0.5;0;0.5;1;0.5;2;2;1;0.5;0.5;2;1;4;1;1;2;0.5;130;115;70;85;95;75;grass
0.5;0.5;0;2;1;0.5;0.5;1;1;2;1;0.5;1;2;1;1;1;0.5;75;115;70;95;130;85;water
2;2;1;1;1;0.5;1;1;2;1;1;1;1;1;0.5;1;1;1;29;31;43;29;31;37;psychic
2;2;1;1;1;0.5;1;1;2;1;1;1;1;1;0.5;1;1;1;29;131;43;29;131;37;psychic
1;2;0.5;1;0.5;1;2;0.5;2;0.5;2;0.5;0.5;0;0.25;0.5;0.5;1;137;107;137;113;89;97;psychic
1;4;1;1;1;0;1;1;4;1;1;1;0;0.5;0.5;1;1;1;113;89;137;137;107;97;psychic
0.5;1;1;1;0.5;1;0.5;0.5;1;1;4;1;0.5;0.25;2;1;2;2;53;47;109;127;131;103;rock
0.5;0.5;1;1;2;0.5;2;4;1;0.5;0.5;1;1;1;2;1;1;1;139;139;107;53;53;79;bug
0.5;0.5;1;1;2;0.5;2;4;1;0.5;0.5;1;1;1;2;1;1;1;137;37;71;137;37;151;bug
1;1;1;0.5;1;1;1;0.5;1;1;2;1;1;1;1;1;0.5;1;89;71;83;173;71;83;electric
0.25;1;0.5;2;0.5;1;2;0.5;1;0.25;0;1;0.5;0;0.5;1;0.5;1;101;103;97;107;101;61;steel
1;1;0.5;0.5;0.5;2;4;1;1;0.25;1;1;0.5;0;0.5;0.5;0.5;0.5;181;131;59;59;31;109;grass
2;0.5;2;0.5;4;2;0.5;1;0.5;0.5;1;2;1;1;0;1;1;0.5;101;53;223;97;53;43;dark
2;2;1;1;1;0.5;1;1;2;1;1;1;1;1;0.5;1;1;1;107;101;97;127;89;79;psychic
0.25;0.5;0;1;0.5;1;2;0.5;1;0.5;2;0.5;0.5;0;0.5;0.5;1;1;95;115;80;130;115;65;steel
